Group_ID,Light_Treatment_Population_white_eyed_Female,Light_Treatment_Population_wild_type_Female,Light_Treatment_Population_white_eyed_Male,Light_Treatment_Population_wild_type_Male,Light_Treatment_Frequency_for_white_eyed_Allele,Dark_Treatment_Population_white_eyed_Female,Dark_Treatment_Population_wild_type_Female,Dark_Treatment_Population_white_eyed_Male,Dark_Treatment_Population_wild_type_Male,Dark_Treatment_Frequency_for_white_eyed_Allele,Reporting_Year,Chron Order
F20_13,0,18,10,13,0.43,3,17,8,12,0.40,F20,1
F20_15,1,20,10,9,0.53,0,19,0,20,0.00,F20,5
F20_17,0,22,0,18,0.00,0,22,0,18,0.00,F20,2
F20_19,4,16,8,12,0.40,9,13,9,8,0.53,F20,3
F20_21,2,18,8,13,0.38,4,14,8,14,0.36,F20,9
F20_27,9,11,8,12,0.40,10,10,8,12,0.40,F20,19
F20_29,9,11,8,12,0.40,10,10,8,12,0.40,F20,21
F20_31,9,10,8,13,0.38,8,7,9,16,0.36,F20,17
F20_33,4,21,1,15,0.06,7,18,2,13,0.13,F20,16
F20_35,2,18,4,16,0.20,4,16,15,5,0.75,F20,18
F20_43,0,19,8,13,0.38,8,13,10,9,0.53,F20,11
F20_45,0,16,8,16,0.33,2,17,2,19,0.10,F20,10
F20_47,1,19,5,15,0.25,4,16,6,14,0.30,F20,20
F20_49,3,23,0,15,0.00,1,22,0,17,0.00,F20,14
F20_51,0,18,0,20,0.00,8,8,11,13,0.46,F20,4
F20_59,1,13,8,17,0.32,3,17,8,13,0.38,F20,24
F20_61,2,21,1,18,0.05,0,16,5,18,0.22,F20,22
F20_63,4,18,9,9,0.50,0,18,9,13,0.41,F20,35
F20_65,4,18,5,13,0.28,6,14,7,13,0.35,F20,26
F20_67,0,16,3,21,0.13,12,8,11,7,0.61,F20,25
F20_69,1,20,2,18,0.10,8,12,6,13,0.32,F20,23
F20_75,10,11,7,12,0.37,3,19,6,12,0.33,F20,28
F20_77,2,22,4,12,0.25,0,18,9,13,0.41,F20,37
F20_79,0,17,11,12,0.48,6,12,7,15,0.32,F20,31
F20_81,0,20,3,17,0.15,1,19,5,15,0.25,F20,27
F20_83,0,17,8,15,0.35,1,11,19,9,0.68,F20,32
F20_85,0,19,0,21,0.00,0,16,0,24,0.00,F20,30
F20_91,4,16,5,15,0.25,0,18,0,22,0.00,F20,39
F20_93,0,12,11,17,0.39,0,16,11,13,0.46,F20,276
F20_95,1,20,5,14,0.26,0,19,2,19,0.10,F20,33
F20_99,0,20,0,20,0.00,8,12,11,9,0.55,F20,40
F20_101,2,17,9,13,0.41,7,12,7,14,0.33,F20,36
F20_103,1,19,4,16,0.20,0,16,20,4,0.83,F20,34
F20_105,0,16,0,24,0.00,1,17,0,22,0.00,F20,38
F20_107,0,17,0,20,0.00,0,22,0,18,0.00,F20,42
F20_109,0,19,0,21,0.00,0,16,7,17,0.29,F20,47
F20_111,0,18,7,15,0.32,0,17,7,16,0.30,F20,54
F20_113,0,9,18,13,0.58,1,8,20,9,0.69,F20,44
F20_115,9,7,12,12,0.50,10,11,8,11,0.42,F20,41
F20_117,0,20,4,16,0.20,1,17,4,18,0.18,F20,43
F20_123,8,10,10,12,0.45,8,10,9,13,0.41,F20,52
F20_125,0,19,0,21,0.00,0,16,7,17,0.29,F20,60
F20_127,1,19,3,17,0.15,6,14,7,13,0.35,F20,56
F20_129,0,18,0,22,0.00,0,21,1,18,0.05,F20,51
F20_131,0,16,3,21,0.13,7,12,12,9,0.57,F20,59
F20_135,1,21,1,17,0.06,0,20,20,0,1.00,F20,61
F20_139,6,12,7,15,0.32,0,19,0,21,0.00,F20,57
F20_141,0,21,2,17,0.11,0,20,2,18,0.10,F20,48
F20_143,4,14,6,16,0.27,2,16,6,16,0.27,F20,46
F20_145,0,23,0,17,0.00,1,22,0,17,0.00,F20,55
F20_147,4,16,6,14,0.30,2,16,6,16,0.27,F20,50
F20_149,7,12,8,13,0.38,4,18,6,12,0.33,F20,49
F20_151,0,15,7,18,0.28,0,20,20,0,1.00,F20,62
F20_155,0,20,0,20,0.00,0,17,0,23,0.00,F20,64
F20_157,0,20,8,12,0.40,0,20,8,12,0.40,F20,69
F20_159,2,20,5,13,0.28,2,20,4,14,0.22,F20,66
F20_161,1,22,3,14,0.18,1,20,6,13,0.32,F20,65
F20_163,3,15,6,16,0.27,8,11,12,9,0.57,F20,70
F20_165,0,9,2,29,0.06,4,13,9,14,0.39,F20,67
F20_167,4,16,9,11,0.45,0,20,20,0,1.00,F20,68
F20_171,3,18,8,11,0.42,2,17,7,15,0.32,F20,75
F20_173,0,18,8,14,0.36,0,16,8,16,0.33,F20,77
F20_175,1,19,3,17,0.15,1,20,5,14,0.26,F20,79
F20_177,4,16,5,15,0.25,4,15,7,14,0.33,F20,71
F20_179,0,20,2,18,0.10,8,12,12,8,0.60,F20,72
F20_181,0,18,8,14,0.36,0,20,6,14,0.30,F20,80
F20_187,4,15,6,15,0.29,2,17,8,13,0.38,F20,81
F20_189,2,9,6,21,0.22,3,7,8,24,0.25,F20,76
F20_191,1,21,0,18,0.00,0,22,0,18,0.00,F20,74
F20_193,0,20,0,20,0.00,1,17,3,11,0.21,F20,82
F20_195,3,17,5,14,0.26,2,10,20,8,0.71,F20,73
F20_197,7,15,4,14,0.22,6,12,8,14,0.36,F20,78
F20_203,0,20,3,14,0.18,3,19,2,13,0.13,F20,85
F20_205,2,15,2,20,0.09,1,12,6,20,0.23,F20,86
F20_207,0,18,6,16,0.27,0,20,2,18,0.10,F20,90
F20_209,0,20,4,16,0.20,2,18,9,11,0.45,F20,88
F20_211,0,16,0,20,0.00,7,14,11,7,0.61,F20,84
F20_213,0,19,0,22,0.00,0,16,0,24,0.00,F20,87
F20_215,0,21,6,13,0.32,0,20,20,0,1.00,F20,101
F20_219,0,16,6,19,0.24,0,19,9,13,0.41,F20,100
F20_221,1,16,8,16,0.33,0,16,9,15,0.38,F20,94
F20_223,1,18,9,11,0.45,3,17,6,13,0.32,F20,95
F20_225,1,19,4,16,0.20,1,18,5,16,0.24,F20,96
F20_227,3,11,11,15,0.42,0,5,21,14,0.60,F20,97
F20_229,0,20,9,12,0.43,1,18,6,14,0.30,F20,103
F20_235,5,16,7,12,0.37,0,19,8,14,0.36,F20,92
F20_237,0,18,0,23,0.00,1,15,5,19,0.21,F20,93
F20_239,5,8,10,16,0.38,1,18,1,20,0.05,F20,91
F20_241,5,7,12,15,0.44,0,13,1,23,0.04,F20,98
F20_243,3,16,8,12,0.40,9,10,7,14,0.33,F20,89
F20_245,0,17,0,24,0.00,0,16,6,16,0.27,F20,102
F20_251,0,20,0,20,0.00,0,22,0,18,0.00,F20,106
F20_253,1,18,7,14,0.33,0,19,5,16,0.24,F20,115
F20_255,1,20,7,11,0.39,0,18,4,18,0.18,F20,112
F20_257,8,12,7,13,0.35,8,12,11,9,0.55,F20,118
F20_259,0,21,4,15,0.21,8,13,11,8,0.58,F20,105
F20_261,0,19,0,21,0.00,0,16,0,22,0.00,F20,104
F20_263,1,20,8,11,0.42,0,16,20,4,0.83,F20,122
F20_267,0,20,2,18,0.10,0,19,4,17,0.19,F20,110
F20_269,0,21,0,20,0.00,0,16,10,13,0.43,F20,116
F20_271,2,20,7,11,0.39,3,17,6,14,0.30,F20,165
F20_275,0,16,12,12,0.50,9,11,11,8,0.58,F20,109
F20_277,0,22,7,12,0.37,6,15,3,15,0.17,F20,108
F20_279,1,17,1,21,0.05,2,16,18,4,0.82,F20,107
F20_283,6,16,5,13,0.28,5,15,9,12,0.43,F20,111
F20_285,5,17,6,13,0.32,5,15,4,16,0.20,F20,121
F20_287,2,20,9,9,0.50,0,19,5,16,0.24,F20,113
F20_289,3,14,1,21,0.05,8,14,8,10,0.44,F20,119
F20_291,0,19,0,21,0.00,13,6,8,13,0.38,F20,114
F20_293,3,19,8,11,0.42,3,16,7,13,0.35,F20,120
F20_299,0,16,0,24,0.00,0,18,0,22,0.00,F20,131
F20_301,0,17,1,22,0.04,0,17,1,22,0.04,F20,125
F20_303,18,2,11,9,0.55,20,1,6,13,0.32,F20,126
F20_305,3,19,5,13,0.28,2,19,8,11,0.42,F20,127
F20_307,0,20,8,12,0.40,10,10,12,8,0.60,F20,130
F20_309,0,17,9,14,0.39,0,16,8,16,0.33,F20,123
F20_311,8,15,9,8,0.53,0,20,20,0,1.00,F20,128
F20_315,0,16,0,24,0.00,0,19,0,21,0.00,F20,140
F20_317,0,20,8,12,0.40,0,20,8,12,0.40,F20,142
F20_319,1,18,6,15,0.29,0,17,4,19,0.17,F20,135
F20_321,0,18,10,13,0.43,4,17,4,15,0.21,F20,145
F20_323,3,15,8,14,0.36,7,10,14,9,0.61,F20,133
F20_325,0,20,7,13,0.35,0,20,7,13,0.35,F20,139
F20_327,2,17,10,11,0.48,2,16,22,0,1.00,F20,143
F20_329,4,17,5,13,0.28,3,18,9,9,0.50,F20,146
F20_331,5,15,7,13,0.35,0,19,0,22,0.00,F20,319
F20_333,1,20,7,12,0.37,1,17,11,11,0.50,F20,132
F20_337,0,20,7,13,0.35,1,19,10,10,0.50,F20,144
F20_339,0,20,8,12,0.40,12,8,9,11,0.45,F20,136
F20_341,0,22,0,19,0.00,0,21,0,20,0.00,F20,138
F20_347,0,15,0,25,0.00,0,17,0,24,0.00,F20,148
F20_349,0,17,0,21,0.00,0,14,0,26,0.00,F20,152
F20_351,0,18,4,17,0.19,0,15,4,21,0.16,F20,149
F20_353,4,18,4,13,0.24,1,20,11,8,0.58,F20,150
F20_355,0,18,1,21,0.05,9,12,10,9,0.53,F20,151
F20_357,0,17,0,24,0.00,0,16,0,24,0.00,F20,147
F20_363,0,14,0,26,0.00,0,17,4,19,0.17,F20,159
F20_365,0,22,6,13,0.32,0,20,4,15,0.21,F20,158
F20_367,12,8,9,11,0.45,3,14,7,15,0.32,F20,163
F20_369,13,7,8,12,0.40,11,14,4,11,0.27,F20,155
F20_371,2,12,4,22,0.15,11,10,11,8,0.58,F20,154
F20_373,0,19,0,21,0.00,0,18,0,22,0.00,F20,153
F20_379,0,20,1,19,0.05,2,17,7,13,0.35,F20,164
F20_381,0,19,7,14,0.33,0,12,8,20,0.29,F20,162
F20_383,3,17,9,11,0.45,7,14,6,13,0.32,F20,160
F20_385,4,17,5,14,0.26,0,19,12,9,0.57,F20,157
F20_389,2,18,1,19,0.05,2,20,1,17,0.06,F20,156
F20_395,3,17,8,12,0.40,1,18,7,11,0.39,F20,177
F20_397,3,17,7,13,0.35,0,15,12,13,0.48,F20,169
F20_399,1,20,0,19,0.00,0,23,5,12,0.29,F20,175
F20_401,2,18,2,18,0.10,3,17,4,16,0.20,F20,181
F20_403,0,18,0,22,0.00,8,13,11,8,0.58,F20,172
F20_405,3,17,8,12,0.40,4,16,6,14,0.30,F20,178
F20_407,1,19,1,19,0.05,2,16,19,3,0.86,F20,168
F20_411,0,14,0,26,0.00,0,17,0,24,0.00,F20,189
F20_413,0,19,4,18,0.18,0,17,0,23,0.00,F20,188
F20_415,1,20,0,19,0.00,0,24,0,16,0.00,F20,190
F20_417,0,19,0,21,0.00,1,20,0,19,0.00,F20,187
F20_419,0,15,7,18,0.28,8,13,11,8,0.58,F20,185
F20_421,0,17,8,16,0.33,0,15,10,14,0.42,F20,182
F20_423,0,21,6,13,0.32,0,20,20,0,1.00,F20,180
F20_425,0,20,2,16,0.11,1,19,0,19,0.00,F20,183
F20_427,0,17,0,23,0.00,0,18,0,22,0.00,F20,173
F20_429,0,9,9,11,0.45,3,17,6,14,0.30,F20,171
F20_431,1,18,3,18,0.14,4,22,1,14,0.07,F20,166
F20_432,0,21,6,13,0.32,0,20,20,0,1.00,F20,176
F20_433,0,21,2,17,0.11,1,18,7,14,0.33,F20,167
F20_435,0,20,7,13,0.35,9,12,11,8,0.58,F20,174
F20_437,0,17,11,13,0.46,0,14,12,14,0.46,F20,179
F20_439,1,20,0,21,0.00,0,15,19,5,0.79,F20,170
F20_443,1,19,6,14,0.30,0,21,8,12,0.40,F20,196
F20_445,4,17,8,11,0.42,6,14,8,12,0.40,F20,195
F20_447,3,19,9,9,0.50,0,13,6,21,0.22,F20,194
F20_449,0,21,0,18,0.00,1,20,4,15,0.21,F20,197
F20_451,0,20,0,20,0.00,8,13,11,8,0.58,F20,193
F20_453,1,18,2,20,0.09,0,16,6,18,0.25,F20,191
F20_455,0,15,6,15,0.29,0,20,20,0,1.00,F20,192
F20_459,0,19,0,21,0.00,0,19,0,21,0.00,F20,203
F20_461,0,20,9,11,0.45,0,16,2,22,0.08,F20,198
F20_463,0,16,5,18,0.22,2,19,5,13,0.28,F20,210
F20_465,2,22,4,13,0.24,1,21,10,8,0.56,F20,199
F20_467,3,14,8,15,0.35,7,13,12,8,0.60,F20,218
F20_469,6,11,9,16,0.36,9,9,12,13,0.48,F20,205
F20_475,8,15,4,13,0.24,4,19,6,13,0.32,F20,217
F20_477,0,18,8,14,0.36,0,16,10,14,0.42,F20,208
F20_479,4,20,6,11,0.35,6,14,7,13,0.35,F20,220
F20_481,0,22,4,14,0.22,3,17,5,15,0.25,F20,221
F20_483,8,16,3,13,0.19,10,11,11,8,0.58,F20,222
F20_485,9,18,11,12,0.48,0,16,11,13,0.46,F20,219
F20_491,8,4,10,18,0.36,7,11,9,13,0.41,F20,225
F20_493,0,18,0,22,0.00,0,17,0,23,0.00,F20,228
F20_495,3,21,5,11,0.31,2,19,4,15,0.21,F20,229
F20_497,5,12,7,16,0.30,4,13,8,15,0.35,F20,226
F20_499,4,15,8,13,0.38,10,11,10,8,0.56,F20,224
F20_501,0,21,0,19,0.00,0,17,0,23,0.00,F20,230
F20_503,10,10,10,10,0.50,7,13,19,1,0.95,F20,227
F20_507,0,16,0,24,0.00,0,22,6,13,0.32,F20,253
F20_509,0,18,9,13,0.41,1,17,10,12,0.45,F20,231
F20_511,0,17,11,12,0.48,0,15,9,13,0.41,F20,235
F20_513,0,17,4,19,0.17,0,18,7,15,0.32,F20,240
F20_515,3,17,4,16,0.20,0,13,20,7,0.74,F20,246
F20_517,0,22,8,10,0.44,0,20,8,12,0.40,F20,255
F20_519,1,20,4,15,0.21,0,20,20,0,1.00,F20,323
F20_521,0,19,6,15,0.29,7,12,8,13,0.38,F20,239
F20_523,0,23,0,17,0.00,0,18,0,22,0.00,F20,254
F20_525,0,20,0,20,0.00,0,20,0,20,0.00,F20,324
F20_527,13,8,4,15,0.21,13,9,5,13,0.28,F20,243
F20_529,0,20,0,21,0.00,0,20,0,20,0.00,F20,238
F20_531,2,11,11,16,0.41,7,10,15,9,0.63,F20,245
F20_533,0,22,6,13,0.32,4,17,7,14,0.33,F20,249
F20_535,1,18,10,10,0.50,0,20,20,0,1.00,F20,250
F20_539,0,7,6,27,0.18,0,8,9,23,0.28,F20,257
F20_541,0,18,0,22,0.00,0,19,0,21,0.00,F20,275
F20_543,1,21,9,9,0.50,3,22,2,13,0.13,F20,277
F20_545,0,15,2,23,0.08,1,16,6,17,0.26,F20,267
F20_547,4,16,9,12,0.43,9,11,11,7,0.61,F20,258
F20_549,0,19,9,12,0.43,0,16,11,13,0.46,F20,278
F20_555,4,16,5,15,0.25,0,17,10,13,0.43,F20,264
F20_557,1,16,2,21,0.09,1,14,7,18,0.28,F20,271
F20_559,1,18,1,19,0.05,0,20,5,15,0.25,F20,272
F20_561,0,23,2,15,0.12,1,21,4,14,0.22,F20,274
F20_563,0,21,4,15,0.21,8,13,11,8,0.58,F20,268
F20_565,12,14,5,11,0.31,8,16,4,12,0.25,F20,273
F20_571,2,18,5,15,0.25,0,21,5,14,0.26,F20,262
F20_573,0,19,1,23,0.04,0,21,1,18,0.05,F20,261
F20_575,2,18,8,12,0.40,0,16,9,15,0.38,F20,260
F20_577,0,22,0,18,0.00,0,21,7,12,0.37,F20,270
F20_579,0,17,9,14,0.39,7,13,12,8,0.60,F20,256
F20_581,0,13,9,14,0.39,0,16,6,19,0.24,F20,266
F20_587,4,16,7,13,0.35,0,21,2,17,0.11,F20,288
F20_589,10,9,9,12,0.43,7,7,11,15,0.42,F20,291
F20_593,0,18,3,19,0.14,1,17,8,13,0.38,F20,283
F20_595,4,16,8,12,0.40,12,9,11,8,0.58,F20,281
F20_597,0,16,7,18,0.28,0,14,9,17,0.35,F20,279
F20_599,2,14,10,10,0.50,0,19,21,0,1.00,F20,286
F20_603,3,10,3,24,0.11,2,15,7,16,0.30,F20,293
F20_605,0,22,0,18,0.00,0,21,0,19,0.00,F20,284
F20_607,0,9,9,22,0.29,0,19,3,18,0.14,F20,289
F20_609,4,17,5,13,0.28,2,19,5,14,0.26,F20,285
F20_611,4,16,7,13,0.35,6,14,5,15,0.25,F20,292
F20_613,3,18,7,12,0.37,4,17,7,11,0.39,F20,280
F20_615,4,17,9,10,0.47,0,20,20,0,1.00,F20,282
F20_619,3,13,10,14,0.42,0,17,10,13,0.43,F20,326
F20_621,0,20,0,20,0.00,0,20,0,20,0.00,F20,314
F20_623,4,18,9,9,0.50,6,17,5,12,0.29,F20,306
F20_625,0,20,4,16,0.20,2,18,6,14,0.30,F20,316
F20_627,4,15,9,12,0.43,10,11,11,8,0.58,F20,307
F20_629,2,18,8,12,0.40,0,20,3,17,0.15,F20,325
F20_631,1,21,9,9,0.50,1,18,20,0,1.00,F20,318
F20_635,10,10,6,14,0.30,9,11,7,13,0.35,F20,299
F20_637,0,19,0,21,0.00,0,17,0,23,0.00,F20,302
F20_639,14,8,7,11,0.39,7,16,5,12,0.29,F20,317
F20_641,3,13,5,17,0.23,2,15,5,13,0.28,F20,296
F20_643,0,17,4,15,0.21,6,12,11,10,0.52,F20,297
F20_645,0,22,0,18,0.00,0,21,0,19,0.00,F20,298
F20_647,2,19,5,14,0.26,0,9,20,11,0.65,F20,303
F20_00000001,14,8,7,11,0.39,7,16,5,12,0.29,F20,
F20_00000002,3,13,5,17,0.23,2,15,5,13,0.28,F20,
F20_00000003,0,17,4,15,0.21,6,12,11,10,0.52,F20,
F20_00000004,0,22,0,18,0.00,0,21,0,19,0.00,F20,
S21_14,0,15,0,25,0.00,0,18,0,22,0.00,S21,
S21_24,0,16,0,24,0.00,0,23,0,17,0.00,S21,
S21_12,0,20,0,20,0.00,0,21,0,19,0.00,S21,
S21_16,0,16,0,24,0.00,0,15,0,25,0.00,S21,
S21_18,0,18,0,22,0.00,0,18,0,22,0.00,S21,
S21_22,0,18,0,22,0.00,0,19,0,21,0.00,S21,
S21_20,0,21,0,19,0.00,0,21,0,19,0.00,S21,
S21_32,0,18,0,22,0.00,0,23,0,17,0.00,S21,
S21_46,0,20,0,20,0.00,1,21,0,18,0.00,S21,
S21_38,0,19,0,21,0.00,0,24,0,16,0.00,S21,
S21_40,0,21,0,19,0.00,0,21,0,19,0.00,S21,
S21_42,0,20,0,20,0.00,0,19,0,21,0.00,S21,
S21_48,0,25,0,15,0.00,0,21,0,19,0.00,S21,
S21_44,0,19,0,21,0.00,0,22,0,18,0.00,S21,
S21_28,0,20,0,20,0.00,0,18,0,22,0.00,S21,
S21_26,0,20,0,20,0.00,0,20,0,20,0.00,S21,
S21_30,1,18,0,21,0.00,0,17,0,23,0.00,S21,
S21_36,0,20,0,20,0.00,0,20,0,20,0.00,S21,
S21_34,0,20,0,20,0.00,0,20,0,20,0.00,S21,
S21_68,11,8,10,4,0.71,11,9,11,10,0.52,S21,
S21_60,0,22,0,18,0.00,0,19,0,21,0.00,S21,
S21_58,0,20,0,20,0.00,0,20,0,20,0.00,S21,
S21_54,0,21,0,19,0.00,0,20,0,20,0.00,S21,
S21_62,0,25,0,15,0.00,0,17,0,23,0.00,S21,
S21_66,0,18,0,22,0.00,0,19,0,21,0.00,S21,
S21_56,1,22,0,17,0.00,0,21,0,19,0.00,S21,
S21_76,0,20,0,20,0.00,0,20,0,20,0.00,S21,
S21_80,0,19,0,21,0.00,0,20,0,20,0.00,S21,
S21_74,0,20,0,20,0.00,0,20,0,20,0.00,S21,
S21_78,0,20,0,20,0.00,0,20,0,20,0.00,S21,
S21_64,0,20,0,20,0.00,0,20,0,20,0.00,S21,
S21_88,0,16,0,24,0.00,0,19,0,21,0.00,S21,
S21_72,0,20,0,20,0.00,0,20,0,20,0.00,S21,
S21_94,0,21,0,19,0.00,0,21,0,19,0.00,S21,
S21_82,0,20,0,20,0.00,0,20,0,20,0.00,S21,
S21_84,0,15,0,25,0.00,0,15,0,25,0.00,S21,
S21_90,0,20,0,20,0.00,0,20,0,20,0.00,S21,
S21_92,0,20,0,20,0.00,0,18,0,22,0.00,S21,
S21_102,0,17,0,23,0.00,0,18,0,22,0.00,S21,
S21_100,0,20,0,20,0.00,0,21,0,19,0.00,S21,
S21_98,0,17,0,23,0.00,0,17,0,23,0.00,S21,
S21_96,0,19,0,21,0.00,0,17,0,23,0.00,S21,
S21_108,0,20,0,20,0.00,0,20,0,20,0.00,S21,
S21_104,0,20,0,20,0.00,0,20,0,20,0.00,S21,
S21_106,0,20,0,20,0.00,0,20,0,20,0.00,S21,
S21_122,0,17,0,23,0.00,0,22,0,18,0.00,S21,
S21_118,0,17,0,23,0.00,0,21,0,19,0.00,S21,
S21_112,0,19,0,21,0.00,0,19,0,21,0.00,S21,
S21_114,0,21,0,19,0.00,0,21,0,19,0.00,S21,
S21_120,0,23,0,17,0.00,0,22,0,18,0.00,S21,
S21_132,0,16,0,24,0.00,0,19,0,21,0.00,S21,
S21_124,0,18,0,22,0.00,0,21,0,19,0.00,S21,
S21_126,0,19,0,21,0.00,0,19,0,21,0.00,S21,
S21_128,0,20,0,20,0.00,0,20,0,20,0.00,S21,
S21_110,0,16,0,24,0.00,0,17,0,23,0.00,S21,
S21_130,0,16,0,24,0.00,0,19,0,21,0.00,S21,
S21_134,0,18,0,22,0.00,0,17,0,23,0.00,S21,
S21_146,0,20,0,20,0.00,0,22,0,18,0.00,S21,
S21_140,0,19,0,21,0.00,0,19,0,21,0.00,S21,
S21_142,0,21,0,19,0.00,0,21,0,19,0.00,S21,
S21_144,0,21,0,19,0.00,0,22,0,18,0.00,S21,
S21_138,0,13,0,27,0.00,0,21,0,19,0.00,S21,
S21_174,0,20,0,20,0.00,0,20,0,20,0.00,S21,
S21_156,0,20,0,20,0.00,0,20,0,20,0.00,S21,
S21_166,0,15,0,25,0.00,0,23,0,17,0.00,S21,
S21_160,0,20,0,20,0.00,0,20,0,20,0.00,S21,
S21_162,0,20,0,20,0.00,0,20,0,20,0.00,S21,
S21_152,0,20,0,20,0.00,0,20,0,20,0.00,S21,
S21_164,0,20,0,20,0.00,20,0,20,0,1.00,S21,
S21_172,0,20,0,20,0.00,0,20,0,20,0.00,S21,
S21_154,0,18,0,22,0.00,0,17,0,23,0.00,S21,
S21_158,0,20,0,20,0.00,0,20,0,20,0.00,S21,
S21_192,0,17,0,23,0.00,0,21,0,19,0.00,S21,
S21_186,0,20,0,20,0.00,0,19,0,21,0.00,S21,
S21_182,0,16,0,24,0.00,0,19,0,21,0.00,S21,
S21_190,0,20,0,20,0.00,0,20,0,20,0.00,S21,
S21_184,0,18,0,22,0.00,0,25,0,15,0.00,S21,
S21_180,0,21,0,19,0.00,0,20,0,20,0.00,S21,
S21_208,0,17,0,23,0.00,0,16,0,24,0.00,S21,
S21_204,0,18,0,22,0.00,0,21,0,19,0.00,S21,
S21_194,0,19,0,21,0.00,0,22,0,18,0.00,S21,
S21_212,1,11,3,25,0.11,0,15,0,26,0.00,S21,
S21_198,0,11,0,29,0.00,0,24,0,16,0.00,S21,
S21_170,0,20,0,20,0.00,0,20,0,20,0.00,S21,
S21_214,0,21,0,19,0.00,0,15,0,25,0.00,S21,
S21_196,0,11,0,29,0.00,0,8,0,32,0.00,S21,
S21_218,0,12,0,28,0.00,0,20,0,20,0.00,S21,
S21_202,22,0,18,0,1.00,21,0,19,0,1.00,S21,
S21_216,0,20,0,20,0.00,0,22,0,18,0.00,S21,
S21_200,0,22,0,18,0.00,0,16,0,24,0.00,S21,
S21_224,0,16,0,24,0.00,0,18,0,22,0.00,S21,
S21_70,10,10,10,10,0.50,0,10,0,10,0.00,S21,
S21_222,0,20,0,20,0.00,0,15,0,25,0.00,S21,
S21_232,0,15,0,25,0.00,0,14,0,26,0.00,S21,
S21_226,0,20,0,20,0.00,0,20,0,20,0.00,S21,
S21_228,0,20,0,20,0.00,0,20,0,20,0.00,S21,
S21_250,0,15,0,25,0.00,0,20,0,20,0.00,S21,
S21_260,0,20,0,20,0.00,0,17,0,23,0.00,S21,
S21_258,0,20,0,20,0.00,0,21,0,19,0.00,S21,
S21_242,0,20,0,20,0.00,0,20,0,20,0.00,S21,
S21_252,0,19,0,21,0.00,0,20,0,20,0.00,S21,
S21_236,0,20,0,20,0.00,0,20,0,20,0.00,S21,
S21_244,0,20,0,20,0.00,0,20,0,20,0.00,S21,
S21_246,0,20,0,20,0.00,0,20,0,20,0.00,S21,
S21_238,0,20,0,20,0.00,0,20,0,20,0.00,S21,
S21_254,0,20,0,20,0.00,0,21,0,19,0.00,S21,
S21_256,0,20,0,20,0.00,0,20,0,20,0.00,S21,
S21_248,0,20,0,20,0.00,0,20,0,20,0.00,S21,
S21_240,0,20,0,20,0.00,0,20,0,20,0.00,S21,
S21_262,0,23,0,17,0.00,0,20,0,20,0.00,S21,
S21_266,0,25,0,15,0.00,0,24,0,16,0.00,S21,
S21_270,0,20,0,20,0.00,0,20,0,20,0.00,S21,
S21_264,0,19,0,21,0.00,0,20,0,20,0.00,S21,
S21_272,0,22,0,18,0.00,0,18,0,22,0.00,S21,
S21_274,0,18,0,22,0.00,0,17,0,23,0.00,S21,
S21_280,0,20,0,20,0.00,0,20,0,20,0.00,S21,
S21_278,0,20,0,20,0.00,0,20,0,20,0.00,S21,
S21_288,0,21,0,19,0.00,0,20,0,20,0.00,S21,
S21_286,0,20,0,20,0.00,0,20,0,20,0.00,S21,
S21_282,0,19,0,21,0.00,0,20,0,20,0.00,S21,
S21_284,0,20,0,20,0.00,0,20,0,20,0.00,S21,
S21_302,0,21,0,19,0.00,0,22,0,18,0.00,S21,
S21_292,0,20,0,20,0.00,0,20,0,20,0.00,S21,
S21_298,0,18,0,22,0.00,0,19,0,21,0.00,S21,
S21_300,0,21,0,19,0.00,0,18,0,22,0.00,S21,
S21_296,0,21,0,19,0.00,0,20,0,20,0.00,S21,
S21_294,0,20,0,20,0.00,1,19,0,20,0.00,S21,
S21_314,0,20,0,20,0.00,0,22,0,18,0.00,S21,
S21_310,0,17,0,23,0.00,0,20,0,20,0.00,S21,
S21_308,0,20,0,20,0.00,0,20,0,20,0.00,S21,
S21_306,0,20,0,20,0.00,0,20,0,20,0.00,S21,
S21_316,0,20,0,20,0.00,0,20,0,20,0.00,S21,
S21_312,0,20,0,20,0.00,0,22,0,18,0.00,S21,
S21_338,0,24,0,16,0.00,0,13,0,27,0.00,S21,
S21_336,0,17,0,23,0.00,0,19,0,21,0.00,S21,
S21_344,0,22,0,18,0.00,0,17,0,23,0.00,S21,
S21_324,25,0,15,0,1.00,23,0,17,0,1.00,S21,
S21_330,0,20,0,20,0.00,0,20,0,20,0.00,S21,
S21_346,0,16,0,24,0.00,0,16,0,24,0.00,S21,
S21_326,0,15,0,25,0.00,0,21,0,19,0.00,S21,
S21_322,0,19,0,21,0.00,0,19,0,21,0.00,S21,
S21_340,0,14,0,26,0.00,0,20,0,20,0.00,S21,
S21_328,0,21,0,19,0.00,0,25,0,15,0.00,S21,
S21_320,0,18,0,22,0.00,0,20,0,20,0.00,S21,
S21_230,0,21,0,19,0.00,0,22,0,18,0.00,S21,
S21_358,0,21,0,19,0.00,0,18,0,22,0.00,S21,
S21_352,0,19,0,21,0.00,0,19,0,21,0.00,S21,
S21_386,0,20,0,20,0.00,0,20,0,20,0.00,S21,
S21_348,0,16,0,24,0.00,0,20,0,20,0.00,S21,
S21_360,20,0,20,0,1.00,20,0,20,0,1.00,S21,
S21_350,0,21,0,19,0.00,0,18,0,22,0.00,S21,
S21_364,0,20,0,20,0.00,0,20,0,20,0.00,S21,
S21_384,0,18,0,22,0.00,0,19,0,21,0.00,S21,
S21_368,0,19,0,21,0.00,0,19,0,21,0.00,S21,
S21_374,0,19,0,21,0.00,0,19,0,21,0.00,S21,
S21_372,0,20,0,20,0.00,0,20,0,20,0.00,S21,
S21_362,0,19,0,21,0.00,0,15,0,25,0.00,S21,
S21_382,0,20,0,20,0.00,0,20,0,20,0.00,S21,
S21_366,0,18,0,22,0.00,0,21,0,19,0.00,S21,
S21_378,0,20,0,20,0.00,0,20,0,20,0.00,S21,
S21_370,0,22,0,18,0.00,0,23,0,17,0.00,S21,
S21_380,0,20,0,20,0.00,0,20,0,20,0.00,S21,
S21_376,0,20,0,20,0.00,0,20,0,20,0.00,S21,
S21_356,0,21,0,19,0.00,0,20,0,20,0.00,S21,
S21_268,0,19,0,21,0.00,0,19,0,21,0.00,S21,
S21_354,0,20,0,20,0.00,0,20,0,20,0.00,S21,
S21_388,1,22,0,17,0.00,0,23,0,17,0.00,S21,
S21_420,0,19,0,21,0.00,0,18,0,22,0.00,S21,
S21_404,0,20,0,20,0.00,0,20,0,20,0.00,S21,
S21_418,0,20,0,20,0.00,0,20,0,20,0.00,S21,
S21_406,0,20,0,20,0.00,0,20,0,20,0.00,S21,
S21_422,0,20,0,20,0.00,0,20,0,20,0.00,S21,
S21_412,0,20,0,20,0.00,0,20,0,20,0.00,S21,
S21_416,0,20,0,20,0.00,0,18,0,21,0.00,S21,
S21_430,0,21,0,19,0.00,0,20,0,20,0.00,S21,
S21_392,4,11,6,19,0.24,0,16,0,24,0.00,S21,
S21_414,0,20,0,20,0.00,0,20,0,20,0.00,S21,
S21_424,0,20,0,20,0.00,0,20,0,20,0.00,S21,
S21_426,0,20,0,20,0.00,0,20,0,20,0.00,S21,
S21_410,0,20,0,20,0.00,0,20,0,20,0.00,S21,
S21_396,0,22,0,10,0.00,0,21,0,19,0.00,S21,
S21_428,0,20,0,20,0.00,0,20,0,20,0.00,S21,
S21_408,0,20,0,20,0.00,0,25,0,15,0.00,S21,
S21_398,0,20,0,20,0.00,0,20,0,20,0.00,S21,
S21_394,0,20,0,20,0.00,0,20,0,20,0.00,S21,
S21_390,0,24,0,16,0.00,0,22,0,18,0.00,S21,
S21_400,20,1,20,1,0.95,20,0,20,0,1.00,S21,
S21_434,0,18,0,22,0.00,0,18,0,22,0.00,S21,
S21_436,0,20,0,20,0.00,0,20,0,20,0.00,S21,
S21_432,0,16,0,24,0.00,0,22,0,18,0.00,S21,
S21_438,0,20,0,20,0.00,0,18,0,22,0.00,S21,
S21_442,0,20,0,20,0.00,0,20,0,20,0.00,S21,
S21_444,0,29,0,11,0.00,0,28,0,12,0.00,S21,
S21_466,0,14,0,26,0.00,0,21,0,19,0.00,S21,
S21_464,0,18,0,22,0.00,0,19,0,21,0.00,S21,
S21_460,0,16,3,21,0.13,0,19,0,21,0.00,S21,
S21_468,0,20,0,20,0.00,0,20,0,20,0.00,S21,
S21_470,0,15,0,25,0.00,0,20,0,20,0.00,S21,
S21_462,0,18,0,22,0.00,0,22,0,18,0.00,S21,
S21_86,0,14,0,26,0.00,0,24,0,16,0.00,S21,
S21_440,0,20,0,20,0.00,0,20,0,20,0.00,S21,
S21_452,0,20,0,20,0.00,0,20,0,20,0.00,S21,
S21_450,0,20,0,20,0.00,0,20,0,20,0.00,S21,
S21_448,0,20,0,20,0.00,0,20,0,20,0.00,S21,
S21_454,0,20,0,20,0.00,0,20,0,20,0.00,S21,
S21_446,0,21,0,19,0.00,0,24,0,16,0.00,S21,
S21_456,0,11,0,29,0.00,0,19,0,21,0.00,S21,
S21_474,0,20,0,20,0.00,0,20,0,20,0.00,S21,
S21_484,0,14,0,26,0.00,0,20,0,20,0.00,S21,
S21_478,0,17,0,23,0.00,0,16,0,24,0.00,S21,
S21_486,0,19,0,21,0.00,0,21,0,19,0.00,S21,
S21_482,0,20,0,20,0.00,0,21,0,19,0.00,S21,
S21_476,1,12,0,27,0.00,0,17,0,23,0.00,S21,
S21_480,0,23,0,17,0.00,0,13,0,17,0.00,S21,
S21_510,0,18,0,22,0.00,0,21,0,19,0.00,S21,
S21_506,0,17,0,23,0.00,0,18,0,22,0.00,S21,
S21_502,0,22,0,18,0.00,0,28,0,12,0.00,S21,
S21_514,0,17,0,23,0.00,0,21,0,19,0.00,S21,
S21_508,0,17,0,23,0.00,1,17,0,22,0.00,S21,
S21_504,0,15,0,25,0.00,0,19,0,21,0.00,S21,
S21_498,0,20,0,20,0.00,0,20,0,20,0.00,S21,
S21_512,0,25,0,15,0.00,0,20,0,20,0.00,S21,
S21_490,0,20,0,20,0.00,0,20,0,20,0.00,S21,
S21_494,0,20,0,20,0.00,0,20,0,20,0.00,S21,
S21_492,0,20,0,20,0.00,0,20,0,20,0.00,S21,
S21_496,0,20,0,20,0.00,0,20,0,20,0.00,S21,
S21_488,0,20,0,20,0.00,0,20,0,20,0.00,S21,
S21_522,0,20,0,20,0.00,0,20,0,20,0.00,S21,
S21_516,0,19,0,21,0.00,0,19,0,21,0.00,S21,
S21_540,0,20,0,20,0.00,0,20,0,20,0.00,S21,
S21_528,0,20,0,20,0.00,0,20,0,20,0.00,S21,
S21_518,0,20,0,20,0.00,0,20,0,20,0.00,S21,
S21_542,0,20,0,20,0.00,0,20,0,20,0.00,S21,
S21_538,0,20,0,20,0.00,0,20,0,20,0.00,S21,
S21_524,0,20,0,20,0.00,0,20,0,20,0.00,S21,
S21_520,0,20,0,20,0.00,0,20,0,20,0.00,S21,
S21_530,0,20,0,20,0.00,0,20,0,20,0.00,S21,
S21_536,0,20,0,20,0.00,0,20,0,20,0.00,S21,
S21_526,0,20,0,20,0.00,0,20,0,20,0.00,S21,
S21_532,0,20,0,20,0.00,0,20,0,20,0.00,S21,
S21_534,0,20,0,20,0.00,0,20,0,20,0.00,S21,
S21_550,0,20,0,20,0.00,0,20,0,20,0.00,S21,
S21_566,0,19,0,21,0.00,0,20,0,20,0.00,S21,
S21_570,0,21,0,19,0.00,0,20,0,20,0.00,S21,
S21_564,0,20,0,20,0.00,0,20,0,20,0.00,S21,
S21_548,0,20,0,20,0.00,0,16,0,24,0.00,S21,
S21_568,0,19,0,21,0.00,0,21,0,19,0.00,S21,
S21_544,0,20,0,20,0.00,0,20,0,20,0.00,S21,
S21_558,0,20,0,20,0.00,0,20,0,20,0.00,S21,
S21_556,0,22,0,18,0.00,0,22,0,18,0.00,S21,
S21_562,0,20,0,20,0.00,0,20,0,20,0.00,S21,
S21_552,0,20,0,20,0.00,0,20,0,20,0.00,S21,
S21_546,0,20,0,20,0.00,0,20,0,20,0.00,S21,
S21_116,0,17,0,23,0.00,0,21,0,19,0.00,S21,
S21_210,0,20,0,20,0.00,0,20,0,20,0.00,S21,
S21_342,0,19,0,21,0.00,0,18,0,22,0.00,S21,
S21_168,0,20,0,20,0.00,0,20,0,20,0.00,S21,
S21_360,0,20,0,20,0.00,0,20,0,20,0.00,S21,
F21_17,2,18,4,16,0.20,2,18,15,5,0.75,F21,
F21_11,0,20,8,4,0.67,2,19,7,3,0.70,F21,
F21_13,0,0,0,0,,1,4,3,3,0.50,F21,
F21_12,0,0,0,0,,0,20,0,20,0.00,F21,
F21_18,0,20,1,19,0.05,0,20,0,20,0.00,F21,
F21_10,2,18,6,14,0.30,4,16,0,20,0.00,F21,
F21_14,0,0,0,0,,1,19,2,18,0.10,F21,
F21_16,1,19,2,18,0.10,2,18,2,18,0.10,F21,
F21_15,1,19,3,17,0.15,4,16,12,8,0.60,F21,
F21_23,2,18,8,12,0.40,9,11,12,8,0.60,F21,
F21_22,0,0,0,0,,0,0,0,0,,F21,
F21_26,1,7,4,2,0.67,0,0,0,0,,F21,
F21_24,8,12,7,13,0.35,5,15,12,8,0.60,F21,
F21_27,5,15,10,10,0.50,1,19,6,14,0.30,F21,
F21_21,3,17,11,9,0.55,3,17,5,15,0.25,F21,
F21_25,0,20,5,15,0.25,12,5,3,2,0.60,F21,
F21_CHAT-J,0,0,0,0,,0,0,0,0,,F21,
F21_20,0,0,0,0,,0,0,0,0,,F21,
F21_37,3,17,7,13,0.35,0,0,0,0,,F21,
F21_33,3,17,6,14,0.30,2,18,3,17,0.15,F21,
F21_31,1,19,5,9,0.36,6,14,12,8,0.60,F21,
F21_35,3,17,6,14,0.30,1,19,8,12,0.40,F21,
F21_39,5,9,10,4,0.71,0,20,4,16,0.20,F21,
F21_36,10,10,15,5,0.75,9,9,18,2,0.90,F21,
F21_34,20,0,20,0,1.00,3,0,7,0,1.00,F21,
F21_32,0,20,7,13,0.35,4,16,13,7,0.65,F21,
F21_30,8,12,15,5,0.75,0,0,0,0,,F21,
F21_43,0,20,0,20,0.00,0,0,0,0,,F21,
F21_47,4,16,9,11,0.45,5,15,13,7,0.65,F21,
F21_42,0,1,2,1,0.67,8,8,8,11,0.42,F21,
F21_44,8,12,15,5,0.75,0,9,10,1,0.91,F21,
F21_45,0,20,11,9,0.55,2,18,3,17,0.15,F21,
F21_41,3,17,10,10,0.50,3,17,9,11,0.45,F21,
F21_40,3,16,5,9,0.36,1,6,2,4,0.33,F21,
F21_50,0,0,0,0,,0,0,0,0,,F21,
F21_56,0,0,0,0,,0,0,0,0,,F21,
F21_59,0,20,0,20,0.00,0,0,0,0,,F21,
F21_54,0,0,0,0,,5,15,8,12,0.40,F21,
F21_53,7,16,12,9,0.57,0,20,0,20,0.00,F21,
F21_55,0,0,0,0,,10,0,10,0,1.00,F21,
F21_52,0,0,0,0,,1,19,6,14,0.30,F21,
F21_57,5,15,9,7,0.56,0,20,2,11,0.15,F21,
F21_51,12,8,13,7,0.65,11,9,14,6,0.70,F21,
F21_63,20,0,20,0,1.00,20,0,20,0,1.00,F21,
F21_62,0,0,0,0,,4,16,11,9,0.55,F21,
F21_61,20,0,20,0,1.00,0,20,0,20,0.00,F21,
F21_65,5,15,6,14,0.30,1,19,8,12,0.40,F21,
F21_46,7,13,12,8,0.60,0,20,10,10,0.50,F21,
F21_60,4,12,11,9,0.55,3,17,8,12,0.40,F21,
F21_49,3,17,10,10,0.50,3,17,9,11,0.45,F21,
F21_45,0,20,11,9,0.55,2,18,3,17,0.15,F21,
S22_11,6,14,10,10,0.50,13,7,17,3,0.85,S22,
S22_10,14,6,9,11,0.45,12,8,12,1,0.92,S22,
S22_14,4,16,14,6,0.70,9,11,13,7,0.65,S22,
S22_13,3,17,7,13,0.35,1,19,6,14,0.30,S22,
S22_12,3,17,12,8,0.60,5,15,13,7,0.65,S22,
S22_2,11,9,15,5,0.75,3,18,20,12,0.63,S22,
S22_20,11,9,15,5,0.75,3,18,20,12,0.63,S22,
S22_33,13,7,16,4,0.80,3,17,5,15,0.25,S22,
S22_32,11,9,20,0,1.00,6,14,8,12,0.40,S22,
S22_34,5,15,4,16,0.20,11,9,16,4,0.80,S22,
S22_30,6,14,19,1,0.95,8,12,5,15,0.25,S22,
S22_31,2,18,9,11,0.45,5,15,6,14,0.30,S22,
S22_43,0,20,11,9,0.55,10,10,15,5,0.75,S22,
S22_42,3,17,11,9,0.55,6,13,13,6,0.68,S22,
S22_41,8,12,11,9,0.55,3,17,5,15,0.25,S22,
S22_44,4,16,18,2,0.90,8,12,17,3,0.85,S22,
S22_45,2,18,7,13,0.35,0,20,13,7,0.65,S22,
S22_40,3,17,4,16,0.20,4,16,10,10,0.50,S22,
S22_52,8,12,14,6,0.70,5,15,11,9,0.55,S22,
S22_51,7,13,10,10,0.50,9,11,15,5,0.75,S22,
S22_54,15,5,10,10,0.50,4,16,14,6,0.70,S22,
S22_53,8,12,5,15,0.25,7,13,6,14,0.30,S22,
S22_55,15,13,7,5,0.58,12,8,16,4,0.80,S22,
S22_50,17,3,12,8,0.60,9,11,16,4,0.80,S22,
S22_61,10,10,4,16,0.20,10,10,9,11,0.45,S22,
S22_64,5,15,17,3,0.85,9,11,8,12,0.40,S22,
S22_60,7,13,8,12,0.40,8,12,11,9,0.55,S22,
S22_62,9,11,16,4,0.80,4,16,6,14,0.30,S22,
S22_80,7,13,6,14,0.30,9,11,12,8,0.60,S22,
S22_82,12,8,15,5,0.75,2,18,8,12,0.40,S22,
S22_83,7,13,14,6,0.70,11,9,11,9,0.55,S22,
S22_81,11,9,12,8,0.60,6,14,14,6,0.70,S22,
S22_85,8,12,12,8,0.60,11,9,17,3,0.85,S22,
S22_70,6,14,11,9,0.55,7,13,10,10,0.50,S22,
S22_74,4,16,8,12,0.40,3,17,3,17,0.15,S22,
S22_71,4,16,9,11,0.45,9,11,17,3,0.85,S22,
S22_73,5,15,7,13,0.35,11,9,10,10,0.50,S22,
S22_72,0,20,13,7,0.65,7,13,9,11,0.45,S22,
S22_102,19,17,20,8,0.71,45,17,38,8,0.83,S22,
S22_101,9,24,30,18,0.63,37,6,43,3,0.93,S22,
S22_104,40,16,46,18,0.72,15,53,30,28,0.52,S22,
S22_103,19,21,11,10,0.52,15,59,27,47,0.36,S22,
S22_105,21,39,37,15,0.71,25,31,35,9,0.80,S22,
S22_92,11,9,12,8,0.60,4,16,5,15,0.25,S22,
S22_94,7,13,11,9,0.55,2,18,7,13,0.35,S22,
S22_90,12,15,13,4,0.76,13,22,13,32,0.29,S22,
S22_93,2,18,6,14,0.30,10,10,13,7,0.65,S22,
S22_200,10,10,18,2,0.90,10,10,16,4,0.80,S22,
S22_202,4,16,18,2,0.90,4,16,8,12,0.40,S22,
S22_205,4,16,3,17,0.15,12,8,14,6,0.70,S22,
S22_201,2,18,8,12,0.40,7,13,13,7,0.65,S22,
S22_203,4,16,13,7,0.65,10,10,13,7,0.65,S22,
S22_302,6,14,7,13,0.35,13,7,13,7,0.65,S22,
S22_300,9,11,10,10,0.50,3,17,17,15,0.53,S22,
S22_303,5,15,4,16,0.20,3,17,10,10,0.50,S22,
S22_301,4,16,13,4,0.76,2,18,8,12,0.40,S22,
S22_304,4,16,9,11,0.45,5,15,10,10,0.50,S22,
S22_305,0,20,5,15,0.25,6,14,13,7,0.65,S22,
S22_402,8,11,19,1,0.95,3,17,13,7,0.65,S22,
S22_401,6,14,17,3,0.85,3,17,11,9,0.55,S22,
S22_404,0,20,0,20,0.00,0,20,0,20,0.00,S22,
S22_405,3,17,9,11,0.45,9,11,13,7,0.65,S22,
S22_400,6,10,10,9,0.53,3,22,15,10,0.60,S22,
S22_504,6,5,6,1,0.86,12,8,16,4,0.80,S22,
S22_503,1,10,6,8,0.43,5,15,6,14,0.30,S22,
S22_501,4,16,10,10,0.50,4,16,15,5,0.75,S22,
S22_500,5,15,8,12,0.40,13,7,16,4,0.80,S22,
S22_5,0,8,2,11,0.15,6,14,5,15,0.25,S22,
S22_502,2,18,7,8,0.47,2,18,8,12,0.40,S22,
S22_601,10,10,12,8,0.60,4,16,9,11,0.45,S22,
S22_600,2,5,5,7,0.42,4,16,8,12,0.40,S22,
S22_605,2,20,5,7,0.42,3,17,7,13,0.35,S22,
S22_604,4,16,5,15,0.25,9,11,15,5,0.75,S22,
S22_703,3,17,5,15,0.25,8,12,14,6,0.70,S22,
S22_705,12,8,14,6,0.70,0,20,10,10,0.50,S22,
S22_700,14,6,14,6,0.70,9,11,17,3,0.85,S22,
S22_702,3,17,15,5,0.75,2,18,9,11,0.45,S22,
S22_704,17,3,10,10,0.50,11,9,13,7,0.65,S22,
S22_701,9,11,5,15,0.25,4,16,19,1,0.95,S22,
S22_803,5,0,6,0,1.00,15,5,16,4,0.80,S22,
S22_804,2,18,11,9,0.55,8,2,9,1,0.90,S22,
S22_805,13,7,15,5,0.75,5,15,7,13,0.35,S22,
S22_800,9,11,8,12,0.40,12,8,16,4,0.80,S22,
S22_802,9,11,15,5,0.75,7,13,17,3,0.85,S22,
S22_801,5,7,7,7,0.50,9,11,16,4,0.80,S22,
S22_903,16,4,19,1,0.95,9,11,13,7,0.65,S22,
S22_902,4,16,17,3,0.85,15,5,11,9,0.55,S22,
S22_904,7,13,4,16,0.20,4,16,10,10,0.50,S22,
S22_905,4,16,14,6,0.70,11,8,6,14,0.30,S22,
S22_901,5,15,16,4,0.80,6,14,14,6,0.70,S22,
S22_603,1,14,4,7,0.36,11,9,14,6,0.70,S22,
S22_900,5,15,8,12,0.40,7,13,8,12,0.40,S22,
F22_1,7,28,22,14,0.61,17,28,24,13,0.65,F22,F22_F22_1
F22_4,7,13,8,12,0.40,6,14,5,15,0.25,F22,F22_F22_4
F22_10,4,16,5,15,0.25,8,12,6,14,0.30,F22,F22_F22_10
F22_11,5,15,14,6,0.70,8,12,14,6,0.70,F22,F22_F22_11
F22_12,7,13,19,1,0.95,3,17,8,12,0.40,F22,F22_F22_12
F22_13,3,17,16,4,0.80,6,14,11,9,0.55,F22,F22_F22_13
F22_30,7,13,11,9,0.55,8,12,8,12,0.40,F22,F22_F22_30
F22_31,4,16,15,5,0.75,16,2,10,2,0.83,F22,F22_F22_31
F22_32,10,10,13,7,0.65,10,10,17,3,0.85,F22,F22_F22_32
F22_40,8,12,11,9,0.55,3,17,3,17,0.15,F22,F22_F22_40
F22_41,0,20,4,16,0.20,3,17,5,15,0.25,F22,F22_F22_41
F22_42,2,15,5,18,0.22,,,,,,F22,F22_F22_42
F22_43,20,0,20,0,1.00,12,8,17,3,0.85,F22,F22_F22_43
F22_44,2,18,11,9,0.55,7,13,12,8,0.60,F22,F22_F22_44
F22_60,15,5,18,2,0.90,4,16,12,8,0.60,F22,F22_F22_60
F22_61,9,11,17,3,0.85,14,6,14,6,0.70,F22,F22_F22_61
F22_62,3,11,7,13,0.35,2,10,8,11,0.42,F22,F22_F22_62
F22_63,8,12,9,11,0.45,9,11,6,14,0.30,F22,F22_F22_63
F22_64,9,11,15,5,0.75,2,18,11,9,0.55,F22,F22_F22_64
F22_65,0,8,5,5,0.50,16,4,10,10,0.50,F22,F22_F22_65
F22_70,15,5,18,2,0.90,1,19,13,7,0.65,F22,F22_F22_70
F22_71,8,12,12,8,0.60,3,6,8,7,0.53,F22,F22_F22_71
F22_72,3,17,13,7,0.65,4,16,10,10,0.50,F22,F22_F22_72
F22_73,3,17,10,10,0.50,4,16,7,13,0.35,F22,F22_F22_73
F22_80,4,16,10,10,0.50,4,16,7,13,0.35,F22,F22_F22_80
F22_81,5,15,6,14,0.30,14,6,13,7,0.65,F22,F22_F22_81
F22_82,13,7,14,6,0.70,11,9,14,6,0.70,F22,F22_F22_82
F22_83,0,20,7,13,0.35,0,20,11,9,0.55,F22,F22_F22_83
F22_90,10,10,6,14,0.30,6,14,11,9,0.55,F22,F22_F22_90
F22_91,4,16,3,17,0.15,5,15,14,6,0.70,F22,F22_F22_91
F22_92,0,20,12,8,0.60,12,8,16,4,0.80,F22,F22_F22_92
F22_93,15,5,17,3,0.85,0,20,1,19,0.05,F22,F22_F22_93
F22_94,8,12,6,14,0.30,20,0,20,0,1.00,F22,F22_F22_94
F22_95,13,7,16,4,0.80,8,12,10,10,0.50,F22,F22_F22_95
F22_100,0,12,3,6,0.33,2,18,11,9,0.55,F22,F22_F22_100
F22_101,,,,,,8,12,7,13,0.35,F22,F22_F22_101
F22_102,4,16,6,14,0.30,7,13,11,9,0.55,F22,F22_F22_102
F22_103,4,16,6,14,0.30,7,13,11,9,0.55,F22,F22_F22_103
F22_200,1,19,14,6,0.70,6,14,10,10,0.50,F22,F22_F22_200
F22_201,2,18,7,13,0.35,12,8,13,7,0.65,F22,F22_F22_201
F22_202,7,13,8,12,0.40,6,14,5,15,0.25,F22,F22_F22_202
F22_203,4,16,9,11,0.45,7,13,9,11,0.45,F22,F22_F22_203
F22_206,5,15,14,6,0.70,20,0,20,0,1.00,F22,F22_F22_206
F22_301,5,15,8,12,0.40,3,17,11,3,0.79,F22,F22_F22_301
F22_303,2,18,8,12,0.40,6,14,12,8,0.60,F22,F22_F22_303
F22_304,3,17,14,6,0.70,8,12,11,9,0.55,F22,F22_F22_304
F22_400,1,19,7,13,0.35,6,7,8,6,0.57,F22,F22_F22_400
F22_401,5,15,14,6,0.70,0,20,9,11,0.45,F22,F22_F22_401
F22_402,9,11,16,4,0.80,,,,,,F22,F22_F22_402
F22_403,7,13,10,10,0.50,7,13,10,10,0.50,F22,F22_F22_403
F22_404,8,12,11,9,0.55,,,,,,F22,F22_F22_404
F22_500,7,1,11,9,0.55,3,17,9,11,0.45,F22,F22_F22_500
F22_501,5,15,12,8,0.60,10,10,15,5,0.75,F22,F22_F22_501
F22_503,6,14,13,7,0.65,12,8,15,5,0.75,F22,F22_F22_503
F22_504,7,13,15,5,0.75,6,14,17,3,0.85,F22,F22_F22_504
F22_505,4,16,11,9,0.55,9,11,12,8,0.60,F22,F22_F22_505
F22_600,11,9,8,12,0.40,9,11,13,7,0.65,F22,F22_F22_600
F22_601,4,16,12,8,0.60,9,11,9,11,0.45,F22,F22_F22_601
F22_602,8,12,8,12,0.40,13,7,11,9,0.55,F22,F22_F22_602
F22_603,2,18,3,17,0.15,14,6,19,1,0.95,F22,F22_F22_603
F22_604,7,13,6,14,0.30,4,16,11,9,0.55,F22,F22_F22_604
F22_700,7,13,10,10,0.50,10,10,13,7,0.65,F22,F22_F22_700
F22_701,5,15,5,15,0.25,2,18,6,14,0.30,F22,F22_F22_701
F22_702,7,13,11,9,0.55,20,0,17,3,0.85,F22,F22_F22_702
F22_703,2,18,14,6,0.70,8,12,14,6,0.70,F22,F22_F22_703
F22_704,0,20,1,19,0.05,8,12,8,2,0.80,F22,F22_F22_704
F22_800,5,15,10,10,0.50,4,16,8,12,0.40,F22,F22_F22_800
F22_801,9,11,17,3,0.85,2,14,6,14,0.30,F22,F22_F22_801
F22_802,2,18,8,12,0.40,6,14,6,12,0.33,F22,F22_F22_802
F22_803,2,18,9,11,0.45,0,20,20,10,0.67,F22,F22_F22_803
F22_804,3,17,9,11,0.45,2,18,10,10,0.50,F22,F22_F22_804
F22_805,4,16,5,14,0.26,2,18,15,5,0.75,F22,F22_F22_805
F22_900,2,18,13,7,0.65,4,16,19,1,0.95,F22,F22_F22_900
F22_901,6,14,6,14,0.30,6,14,9,11,0.45,F22,F22_F22_901
F22_902,0,20,4,16,0.20,0,20,1,19,0.05,F22,F22_F22_902
F22_903,6,14,12,8,0.60,6,14,15,5,0.75,F22,F22_F22_903
F22_904,1,19,4,16,0.20,10,10,4,16,0.20,F22,F22_F22_904
F22_905,18,2,9,11,0.45,17,3,2,18,0.10,F22,F22_F22_905
F22_1000,10,10,17,3,0.85,1,19,0,18,0.00,F22,F22_F22_1000
F22_2000,4,16,6,14,0.30,4,16,7,13,0.35,F22,F22_F22_2000
F22_2100,7,13,11,9,0.55,6,13,7,1,0.88,F22,F22_F22_2100
F22_2200,4,16,7,13,0.35,3,17,8,12,0.40,F22,F22_F22_2200
F22_2300,10,10,16,4,0.80,13,7,4,16,0.20,F22,F22_F22_2300
F22_2400,6,14,5,15,0.25,19,1,15,5,0.75,F22,F22_F22_2400
F22_3000,5,15,3,17,0.15,8,12,6,14,0.30,F22,F22_F22_3000
F22_3100,2,6,0,3,0.00,7,14,6,13,0.32,F22,F22_F22_3100
F22_3200,3,17,9,11,0.45,0,20,4,16,0.20,F22,F22_F22_3200
F22_3300,7,13,9,9,0.50,2,18,2,18,0.10,F22,F22_F22_3300
F22_3400,10,10,16,4,0.80,0,20,2,18,0.10,F22,F22_F22_3400
F22_3500,10,10,13,7,0.65,1,19,11,9,0.55,F22,F22_F22_3500
F22_3600,9,67,35,31,0.53,16,14,13,8,0.62,F22,F22_F22_3600
F22_3700,3,17,16,4,0.80,9,11,15,5,0.75,F22,F22_F22_3700
F22_3800,12,8,14,6,0.70,14,6,19,1,0.95,F22,F22_F22_3800
F22_3900,,,,,,,,,,,F22,F22_F22_3900
F22_4000,3,8,9,4,0.69,40,35,38,0,1.00,F22,F22_F22_4000
F22_204,7,13,14,6,0.70,7,13,10,10,0.50,F22,F22_F22_204
F22_302,5,13,6,12,0.33,3,17,9,11,0.45,F22,F22_F22_302
F22_300,6,14,10,10,0.50,6,10,2,8,0.20,F22,F22_F22_300
F22_502,20,0,20,0,1.00,14,6,16,4,0.80,F22,F22_F22_502
F22_4100,6,14,3,17,0.15,3,17,7,13,0.35,F22,F22_F22_4100
S23_TA.02,10,10,10,10,0.50,10,10,10,10,0.50,S23,S23_S23_TA.02
S23_TA.03,14,6,11,9,0.55,6,14,18,2,0.90,S23,S23_S23_TA.03
S23_TA.04,10,10,10,10,0.50,10,10,10,10,0.50,S23,S23_S23_TA.04
S23_TA.01,1,19,6,14,0.30,17,3,18,2,0.90,S23,S23_S23_TA.01
S23_Sam.17,12,8,19,1,0.95,16,4,13,7,0.65,S23,S23_S23_Sam.17
S23_Sam.15,8,12,11,9,0.55,16,4,14,6,0.70,S23,S23_S23_Sam.15
S23_Sam.20,14,6,11,9,0.55,13,7,19,1,0.95,S23,S23_S23_Sam.20
S23_Sam.16,6,14,11,9,0.55,13,7,14,6,0.70,S23,S23_S23_Sam.16
S23_Sam.18,2,18,8,12,0.40,19,1,20,0,1.00,S23,S23_S23_Sam.18
S23_10,14,6,10,10,0.50,18,2,18,2,0.90,S23,S23_S23_10
S23_Olivia.03,15,5,15,5,0.75,20,0,20,0,1.00,S23,S23_S23_Olivia.03
S23_Olivia.05,17,3,18,2,0.90,6,14,17,3,0.85,S23,S23_S23_Olivia.05
S23_Olivia.01,10,10,14,6,0.70,18,2,20,0,1.00,S23,S23_S23_Olivia.01
S23_Melissa.11,2,18,17,3,0.85,13,7,20,0,1.00,S23,S23_S23_Melissa.11
S23_Melissa.14,17,3,15,5,0.75,9,11,11,9,0.55,S23,S23_S23_Melissa.14
S23_Melissa.09,12,8,15,5,0.75,4,16,13,7,0.65,S23,S23_S23_Melissa.09
S23_Melissa.12,9,11,16,4,0.80,14,6,19,1,0.95,S23,S23_S23_Melissa.12
S23_Olivia.04,12,8,17,3,0.85,17,3,20,0,1.00,S23,S23_S23_Olivia.04
S23_Melissa.13,10,10,16,4,0.80,1,19,9,11,0.45,S23,S23_S23_Melissa.13
S23_19,11,9,9,11,0.45,17,3,18,2,0.90,S23,S23_S23_19
S23_Grace.38,3,17,12,8,0.60,16,4,17,3,0.85,S23,S23_S23_Grace.38
S23_Grace.39,8,12,13,7,0.65,6,14,7,13,0.35,S23,S23_S23_Grace.39
S23_Grace.36,4,16,17,3,0.85,15,5,20,0,1.00,S23,S23_S23_Grace.36
S23_Grace.41,3,17,10,10,0.50,10,10,12,8,0.60,S23,S23_S23_Grace.41
S23_Grace.40,,,,,,8,6,10,18,0.36,S23,S23_S23_Grace.40
S23_Alexis.32,14,6,15,5,0.75,15,5,13,7,0.65,S23,S23_S23_Alexis.32
S23_Alexis.33,2,18,14,6,0.70,,,,,,S23,S23_S23_Alexis.33
S23_Alicia.26,7,13,11,9,0.55,,,,,,S23,S23_S23_Alicia.26
S23_Alicia.25,1,19,13,7,0.65,17,3,19,1,0.95,S23,S23_S23_Alicia.25
S23_Alicia.22,10,10,8,12,0.40,8,12,17,3,0.85,S23,S23_S23_Alicia.22
S23_Alexis.29,8,12,15,5,0.75,8,2,19,1,0.95,S23,S23_S23_Alexis.29
S23_Alexis.31,13,7,14,6,0.70,8,12,16,4,0.80,S23,S23_S23_Alexis.31
S23_Alexis.30,8,12,18,2,0.90,19,1,19,1,0.95,S23,S23_S23_Alexis.30
S23_Alicia.24,8,12,17,3,0.85,14,6,20,0,1.00,S23,S23_S23_Alicia.24
S23_Alicia.23,6,14,9,11,0.45,13,7,16,4,0.80,S23,S23_S23_Alicia.23
S23_Olivia.02,4,14,14,6,0.70,13,0,15,3,0.83,S23,S23_S23_Olivia.02
S23_Grace.57,,,,,,,,,,,S23,S23_S23_Grace.57
S23_Grace.59,6,14,5,15,0.25,12,8,20,0,1.00,S23,S23_S23_Grace.59
S23_Grace.58,5,15,16,4,0.80,17,3,18,2,0.90,S23,S23_S23_Grace.58
S23_Grace.60,11,9,13,7,0.65,12,8,13,7,0.65,S23,S23_S23_Grace.60
S23_Lucas.52,20,0,20,0,1.00,18,2,19,1,0.95,S23,S23_S23_Lucas.52
S23_Lucas.51,7,13,14,6,0.70,6,14,10,10,0.50,S23,S23_S23_Lucas.51
S23_Lucas.54,1,19,8,9,0.47,8,2,9,4,0.69,S23,S23_S23_Lucas.54
S23_Lucas.53,6,14,16,4,0.80,4,16,15,5,0.75,S23,S23_S23_Lucas.53
S23_Justine.44,9,6,13,2,0.87,13,7,14,6,0.70,S23,S23_S23_Justine.44
S23_Justine.45,4,16,17,3,0.85,11,9,14,7,0.67,S23,S23_S23_Justine.45
S23_Justine.47,0,20,0,20,0.00,9,11,14,6,0.70,S23,S23_S23_Justine.47
S23_Grace.62,11,9,13,7,0.65,12,8,13,7,0.65,S23,S23_S23_Grace.62
S23_Justine.46,4,16,9,11,0.45,9,11,14,6,0.70,S23,S23_S23_Justine.46
S23_Grace.37,14,,16,,1.00,13,7,16,4,0.80,S23,S23_S23_Grace.37
S23_Delores.80,13,7,17,3,0.85,15,5,16,4,0.80,S23,S23_S23_Delores.80
S23_Delores.81,,,,,,16,0,23,0,1.00,S23,S23_S23_Delores.81
S23_Grace.61,5,15,18,2,0.90,4,16,11,9,0.55,S23,S23_S23_Grace.61
S23_Delores.82,2,18,17,3,0.85,19,1,18,2,0.90,S23,S23_S23_Delores.82
S23_Delores.79,12,8,16,4,0.80,17,3,18,2,0.90,S23,S23_S23_Delores.79
S23_Leeza.72,,,,,,,,,,,S23,S23_S23_Leeza.72
S23_Jon.66,,,,,,,,,,,S23,S23_S23_Jon.66
S23_Jon.67,6,14,15,5,0.75,13,7,9,11,0.45,S23,S23_S23_Jon.67
S23_Leeza.73,7,13,9,11,0.45,12,12,15,6,0.71,S23,S23_S23_Leeza.73
S23_Jon.65,13,7,16,4,0.80,20,,19,,1.00,S23,S23_S23_Jon.65
S23_Leeza.71,15,5,20,0,1.00,19,1,20,0,1.00,S23,S23_S23_Leeza.71
S23_Leeza.74,14,6,14,6,0.70,20,0,20,0,1.00,S23,S23_S23_Leeza.74
S23_Jon.68,17,3,18,2,0.90,20,0,20,0,1.00,S23,S23_S23_Jon.68
S23_Sam.99,10,10,19,1,0.95,14,6,16,4,0.80,S23,S23_S23_Sam.99
S23_Sam.104,18,2,20,0,1.00,20,0,20,0,1.00,S23,S23_S23_Sam.104
S23_Sam.100,4,16,12,8,0.60,16,4,18,2,0.90,S23,S23_S23_Sam.100
S23_Sam.103,10,10,12,8,0.60,9,11,14,6,0.70,S23,S23_S23_Sam.103
S23_Sam.101,4,16,8,12,0.40,10,10,18,2,0.90,S23,S23_S23_Sam.101
S23_102,19,1,20,0,1.00,5,15,9,11,0.45,S23,S23_S23_102
S23_Yuki.85,7,7,5,1,0.83,10,10,13,5,0.72,S23,S23_S23_Yuki.85
S23_Yuki.89,6,10,10,4,0.71,14,6,16,4,0.80,S23,S23_S23_Yuki.89
S23_Yuki.87,2,18,9,11,0.45,19,1,17,3,0.85,S23,S23_S23_Yuki.87
S23_Yuki.86,6,12,17,3,0.85,20,0,19,1,0.95,S23,S23_S23_Yuki.86
S23_Rachel.92,10,10,12,8,0.60,17,3,20,0,1.00,S23,S23_S23_Rachel.92
S23_Rachel.95,2,18,15,5,0.75,7,5,16,4,0.80,S23,S23_S23_Rachel.95
S23_Rachel.93,15,4,16,5,0.76,20,0,20,0,1.00,S23,S23_S23_Rachel.93
S23_Rachel.94,2,18,16,4,0.80,17,3,16,4,0.80,S23,S23_S23_Rachel.94
S23_Deanna.122,5,15,13,7,0.65,4,7,7,11,0.39,S23,S23_S23_Deanna.122
S23_Deanna.124,10,10,9,11,0.45,8,12,8,12,0.40,S23,S23_S23_Deanna.124
S23_Deanna.120,3,17,13,7,0.65,5,15,19,1,0.95,S23,S23_S23_Deanna.120
S23_Lucas.50,,,,,,5,12,14,9,0.61,S23,S23_S23_Lucas.50
S23_Deanna.125,13,7,13,7,0.65,17,3,17,3,0.85,S23,S23_S23_Deanna.125
S23_123,4,16,15,5,0.75,17,3,16,4,0.80,S23,S23_S23_123
S23_Deanna. 123,4,16,15,5,0.75,17,3,16,4,0.80,S23,S23_S23_Deanna. 123
S23_Deanna.121,2,18,13,7,0.65,1,19,15,5,0.75,S23,S23_S23_Deanna.121
S23_Alicia.108,10,10,17,3,0.85,20,0,20,0,1.00,S23,S23_S23_Alicia.108
S23_Alicia.106,5,15,17,3,0.85,18,2,16,4,0.80,S23,S23_S23_Alicia.106
S23_Malcolm.119,10,10,6,14,0.30,20,0,20,0,1.00,S23,S23_S23_Malcolm.119
S23_Yuki.88,10,10,13,7,0.65,10,10,16,4,0.80,S23,S23_S23_Yuki.88
S23_Malcolm.115,11,9,17,3,0.85,7,13,16,4,0.80,S23,S23_S23_Malcolm.115
S23_2,14,6,16,4,0.80,11,9,13,7,0.65,S23,S23_S23_2
S23_Malcolm.113,13,7,13,7,0.65,0,20,0,20,0.00,S23,S23_S23_Malcolm.113
S23_Malcolm.116,17,3,19,1,0.95,20,0,19,1,0.95,S23,S23_S23_Malcolm.116
S23_Alicia.109,10,10,13,7,0.65,10,10,16,4,0.80,S23,S23_S23_Alicia.109
S23_Malcolm.114,11,17,8,18,0.31,0,20,0,20,0.00,S23,S23_S23_Malcolm.114
S23_Nadine.143,12,8,8,12,0.40,14,6,18,2,0.90,S23,S23_S23_Nadine.143
S23_Nadine.146,4,16,16,4,0.80,13,7,18,2,0.90,S23,S23_S23_Nadine.146
S23_Nadine. 145,17,3,16,4,0.80,11,9,14,6,0.70,S23,S23_S23_Nadine. 145
S23_Nadine.144,12,8,10,10,0.50,13,7,14,6,0.70,S23,S23_S23_Nadine.144
S23_Nadine.142,7,13,14,6,0.70,18,2,18,2,0.90,S23,S23_S23_Nadine.142
S23_141,15,5,15,5,0.75,5,15,11,9,0.55,S23,S23_S23_141
S23_Justine.128,,,,,,,,,,,S23,S23_S23_Justine.128
S23_Justine.130,11,9,9,11,0.45,8,12,12,8,0.60,S23,S23_S23_Justine.130
S23_Justine.127,6,14,14,6,0.70,18,2,18,2,0.90,S23,S23_S23_Justine.127
S23_Justine.131,14,6,15,5,0.75,19,1,20,0,1.00,S23,S23_S23_Justine.131
S23_Lucas.138,8,12,11,9,0.55,9,11,16,4,0.80,S23,S23_S23_Lucas.138
S23_Lucas.134,4,16,17,3,0.85,8,12,16,4,0.80,S23,S23_S23_Lucas.134
S23_Justine.129,10,10,15,5,0.75,10,10,16,4,0.80,S23,S23_S23_Justine.129
S23_Lucas.139,12,8,15,5,0.75,16,4,17,3,0.85,S23,S23_S23_Lucas.139
S23_Lucas.135,18,2,17,3,0.85,17,3,20,0,1.00,S23,S23_S23_Lucas.135
S23_Lucas.137,18,9,11,9,0.55,20,0,20,0,1.00,S23,S23_S23_Lucas.137
S23_Justine.43,5,15,15,5,0.75,11,9,14,6,0.70,S23,S23_S23_Justine.43
S23_Lucas.136,20,0,9,0,1.00,20,0,20,0,1.00,S23,S23_S23_Lucas.136
S23_Delores.163,7,13,5,12,0.29,14,6,20,0,1.00,S23,S23_S23_Delores.163
S23_Delores.166,7,13,6,14,0.30,17,3,19,1,0.95,S23,S23_S23_Delores.166
S23_Delores.164,13,7,8,12,0.40,6,14,10,10,0.50,S23,S23_S23_Delores.164
S23_Delores.162,0,20,14,6,0.70,0,20,0,20,0.00,S23,S23_S23_Delores.162
S23_165,9,11,8,12,0.40,0,20,6,14,0.30,S23,S23_S23_165
S23_Delores.167,2,18,7,13,0.35,11,9,15,5,0.75,S23,S23_S23_Delores.167
S23_151,0,0,1,1,0.50,20,0,20,0,1.00,S23,S23_S23_151
S23_Nadine.150,13,7,17,3,0.85,,,,,,S23,S23_S23_Nadine.150
S23_148,6,14,12,8,0.60,19,1,18,2,0.90,S23,S23_S23_148
S23_Nadine.149,3,17,12,8,0.60,12,8,17,3,0.85,S23,S23_S23_Nadine.149
S23_Melissa.156,20,0,18,2,0.90,20,1,19,0,1.00,S23,S23_S23_Melissa.156
S23_Melissa.155,2,18,8,12,0.40,19,1,14,6,0.70,S23,S23_S23_Melissa.155
S23_Melissa.158,3,17,4,16,0.20,12,8,11,9,0.55,S23,S23_S23_Melissa.158
S23_Melissa.159,5,15,6,14,0.30,9,11,13,7,0.65,S23,S23_S23_Melissa.159
S23_Olivia.186,6,4,10,0,1.00,3,9,8,6,0.57,S23,S23_S23_Olivia.186
S23_Olivia.187,1,19,16,4,0.80,17,3,19,1,0.95,S23,S23_S23_Olivia.187
S23_Olivia.185,8,12,14,6,0.70,17,3,18,2,0.90,S23,S23_S23_Olivia.185
S23_Olivia.184,5,8,12,7,0.63,8,12,18,2,0.90,S23,S23_S23_Olivia.184
S23_Olivia.183,6,14,5,15,0.25,8,12,13,7,0.65,S23,S23_S23_Olivia.183
S23_Olivia.188,4,16,2,18,0.10,16,4,17,3,0.85,S23,S23_S23_Olivia.188
S23_Leeza.178,1,19,14,6,0.70,13,7,12,2,0.86,S23,S23_S23_Leeza.178
S23_Tatiana. 169,7,13,17,3,0.85,7,13,8,12,0.40,S23,S23_S23_Tatiana. 169
S23_Tatiana.171,7,13,14,6,0.70,,,,,,S23,S23_S23_Tatiana.171
S23_Leeza.176,3,17,14,6,0.70,11,9,12,7,0.63,S23,S23_S23_Leeza.176
S23_Tatiana.172,7,11,13,9,0.59,6,3,3,1,0.75,S23,S23_S23_Tatiana.172
S23_179,14,6,9,11,0.45,9,11,17,3,0.85,S23,S23_S23_179
S23_Tatiana.174,8,12,18,2,0.90,14,6,17,3,0.85,S23,S23_S23_Tatiana.174
S23_Tatiana.173,,,,,,11,9,14,6,0.70,S23,S23_S23_Tatiana.173
S23_leeza.177,15,5,15,5,0.75,11,9,15,5,0.75,S23,S23_S23_leeza.177
S23_205,12,8,17,3,0.85,16,4,18,2,0.90,S23,S23_S23_205
S23_Deanna.206,6,14,13,7,0.65,13,7,15,5,0.75,S23,S23_S23_Deanna.206
S23_Melissa.157,9,11,11,9,0.55,11,9,14,6,0.70,S23,S23_S23_Melissa.157
S23_Deanna.205,12,8,17,3,0.85,16,4,18,2,0.90,S23,S23_S23_Deanna.205
S23_Deanna.209,4,16,9,11,0.45,9,11,17,3,0.85,S23,S23_S23_Deanna.209
S23_Deanna.208,9,11,15,5,0.75,12,8,17,3,0.85,S23,S23_S23_Deanna.208
S23_Malcolm.201,2,18,4,16,0.20,9,11,11,9,0.55,S23,S23_S23_Malcolm.201
S23_Deanna.207,3,17,12,8,0.60,4,16,13,7,0.65,S23,S23_S23_Deanna.207
S23_Malcolm.200,10,10,14,6,0.70,0,20,0,20,0.00,S23,S23_S23_Malcolm.200
S23_Cam.190,10,10,12,8,0.60,13,2,15,5,0.75,S23,S23_S23_Cam.190
S23_Malcolm.197,18,2,17,3,0.85,0,20,0,20,0.00,S23,S23_S23_Malcolm.197
S23_Cam.191,20,0,20,0,1.00,7,13,15,5,0.75,S23,S23_S23_Cam.191
S23_Cam.193,,,,,,,,,,,S23,S23_S23_Cam.193
S23_Malcolm.199,16,16,16,18,0.47,17,3,18,2,0.90,S23,S23_S23_Malcolm.199
S23_Malcolm.198,,,,,,13,0,7,0,1.00,S23,S23_S23_Malcolm.198
S23_Cam.194,4,15,9,13,0.41,7,8,18,7,0.72,S23,S23_S23_Cam.194
S23_Cam.192,2,18,8,10,0.44,6,14,12,8,0.60,S23,S23_S23_Cam.192
S23_Deanna.204,14,6,18,2,0.90,16,4,19,1,0.95,S23,S23_S23_Deanna.204
S23_Malcolm.202,3,17,11,9,0.55,17,3,19,1,0.95,S23,S23_S23_Malcolm.202
S23_Nick.235,8,12,14,6,0.70,13,7,17,3,0.85,S23,S23_S23_Nick.235
S23_Nick.234,10,10,15,5,0.75,4,16,4,16,0.20,S23,S23_S23_Nick.234
S23_Nick.237,11,9,12,8,0.60,12,8,13,7,0.65,S23,S23_S23_Nick.237
S23_NICK.232,1,19,11,9,0.55,3,17,18,2,0.90,S23,S23_S23_NICK.232
S23_Nick.236,5,15,8,12,0.40,14,6,17,3,0.85,S23,S23_S23_Nick.236
S23_Yuki.212,7,13,18,2,0.90,16,4,12,8,0.60,S23,S23_S23_Yuki.212
S23_Nick.233,3,17,8,12,0.40,1,19,4,16,0.20,S23,S23_S23_Nick.233
S23_Alexis.220,19,1,19,1,0.95,20,0,20,0,1.00,S23,S23_S23_Alexis.220
S23_Yuki.214,9,5,0,0,,10,10,12,8,0.60,S23,S23_S23_Yuki.214
S23_Yuki.211,10,10,7,10,0.41,9,11,14,6,0.70,S23,S23_S23_Yuki.211
S23_Alexis.221,4,16,2,18,0.10,1,19,13,7,0.65,S23,S23_S23_Alexis.221
S23_Alexis.222,10,10,14,6,0.70,20,0,20,0,1.00,S23,S23_S23_Alexis.222
S23_Deanna.201,14,6,18,2,0.90,17,3,18,2,0.90,S23,S23_S23_Deanna.201
S23_Alexis.219,9,11,15,5,0.75,9,11,10,19,0.34,S23,S23_S23_Alexis.219
S23_Alexis.218,4,16,3,17,0.15,4,16,5,15,0.25,S23,S23_S23_Alexis.218
S23_Jon.240,1,19,14,6,0.70,16,4,17,3,0.85,S23,S23_S23_Jon.240
S23_Jon.241,13,7,11,9,0.55,16,4,18,2,0.90,S23,S23_S23_Jon.241
S23_Jon.239,2,18,2,18,0.10,7,13,9,11,0.45,S23,S23_S23_Jon.239
S23_Nick.226,18,2,20,0,1.00,7,13,17,3,0.85,S23,S23_S23_Nick.226
S23_Nick.225,8,12,15,5,0.75,2,18,2,18,0.10,S23,S23_S23_Nick.225
S23_Rachel.248,5,15,7,13,0.35,6,14,7,13,0.35,S23,S23_S23_Rachel.248
S23_Rachel.247,18,2,20,0,1.00,17,3,19,1,0.95,S23,S23_S23_Rachel.247
S23_Rachel.246,9,10,15,5,0.75,11,9,15,5,0.75,S23,S23_S23_Rachel.246
S23_249,10,10,16,4,0.80,17,3,16,4,0.80,S23,S23_S23_249
S23_Cam.260,10,10,13,7,0.65,11,9,19,1,0.95,S23,S23_S23_Cam.260
S23_Tatiana.254,6,14,13,7,0.65,13,7,19,1,0.95,S23,S23_S23_Tatiana.254
S23_Cam.262,33,22,27,12,0.69,19,23,52,30,0.63,S23,S23_S23_Cam.262
S23_Cam.261,11,18,14,12,0.54,20,0,15,5,0.75,S23,S23_S23_Cam.261
S23_Cam.263,14,6,15,5,0.75,8,12,10,10,0.50,S23,S23_S23_Cam.263
S23_Tatiana.253,22,23,23,7,0.77,8,12,13,7,0.65,S23,S23_S23_Tatiana.253
S23_Tatiana.170,8,12,13,7,0.65,4,16,13,7,0.65,S23,S23_S23_Tatiana.170
S23_Yuki.213,0,49,53,0,1.00,24,13,26,17,0.60,S23,S23_S23_Yuki.213
F23_Ninah.02,12,8,11,9,0.55,8,12,14,0,1.00,F23,F23_F23_Ninah.02
F23_Nick.01,12,8,17,3,0.85,6,14,14,6,0.70,F23,F23_F23_Nick.01
F23_NICK.02,6,14,11,9,0.55,8,11,13,5,0.72,F23,F23_F23_NICK.02
F23_Ninah.01,12,8,13,7,0.65,18,2,16,4,0.80,F23,F23_F23_Ninah.01
F23_Nick.04,7,8,13,7,0.65,12,8,15,5,0.75,F23,F23_F23_Nick.04
F23_Nick.03,17,3,17,3,0.85,19,1,16,4,0.80,F23,F23_F23_Nick.03
F23_Ninah.03,4,16,14,6,0.70,7,13,16,4,0.80,F23,F23_F23_Ninah.03
F23_Nick.06,13,7,16,4,0.80,10,10,20,0,1.00,F23,F23_F23_Nick.06
F23_Nick.05,9,11,17,3,0.85,,,,,,F23,F23_F23_Nick.05
F23_Nick.07,10,10,13,7,0.65,18,2,19,1,0.95,F23,F23_F23_Nick.07
F23_Charlie.01,1,19,13,7,0.65,11,9,5,15,0.25,F23,F23_F23_Charlie.01
F23_Charlie.02,18,2,19,1,0.95,6,14,15,5,0.75,F23,F23_F23_Charlie.02
F23_Ninah.04,2,11,19,9,0.68,14,14,11,9,0.55,F23,F23_F23_Ninah.04
F23_Ashley.03,0,20,9,11,0.45,6,14,8,12,0.40,F23,F23_F23_Ashley.03
F23_Madeleine.01,7,13,17,3,0.85,3,17,12,8,0.60,F23,F23_F23_Madeleine.01
F23_Ashley.02,12,8,16,4,0.80,0,2,2,5,0.29,F23,F23_F23_Ashley.02
F23_Ashley.04,6,14,7,13,0.35,16,4,15,5,0.75,F23,F23_F23_Ashley.04
F23_Madeleine.03,9,11,13,7,0.65,18,2,18,2,0.90,F23,F23_F23_Madeleine.03
F23_Madeleine.04,18,2,20,0,1.00,18,2,17,3,0.85,F23,F23_F23_Madeleine.04
F23_Madeleine.02,17,3,12,8,0.60,14,6,20,0,1.00,F23,F23_F23_Madeleine.02
F23_Ashley.01,10,10,8,12,0.40,0,2,2,5,0.29,F23,F23_F23_Ashley.01
F23_Deanna.01,6,14,8,12,0.40,9,11,11,9,0.55,F23,F23_F23_Deanna.01
F23_Sophia.01,9,11,20,0,1.00,13,7,13,7,0.65,F23,F23_F23_Sophia.01
F23_Sophia.02,2,18,7,13,0.35,11,9,17,3,0.85,F23,F23_F23_Sophia.02
F23_Eric.02,6,5,4,0,1.00,7,3,6,4,0.60,F23,F23_F23_Eric.02
F23_Eric.01,12,8,13,7,0.65,11,9,18,2,0.90,F23,F23_F23_Eric.01
F23_Charlie.04,15,5,19,1,0.95,13,7,10,10,0.50,F23,F23_F23_Charlie.04
F23_Ashley.05,18,2,18,2,0.90,6,14,16,4,0.80,F23,F23_F23_Ashley.05
F23_Ashley.06,10,10,11,9,0.55,13,7,18,2,0.90,F23,F23_F23_Ashley.06
F23_Charlie.03,18,8,16,4,0.80,1,2,8,2,0.80,F23,F23_F23_Charlie.03
F23_Madeleine.06,19,1,14,6,0.70,15,5,20,0,1.00,F23,F23_F23_Madeleine.06
F23_Madeleine.05,9,11,17,3,0.85,15,5,16,4,0.80,F23,F23_F23_Madeleine.05
F23_Madeline.07,,,,,,11,9,16,4,0.80,F23,F23_F23_Madeline.07
F23_Eric.03,19,1,19,1,0.95,15,5,19,1,0.95,F23,F23_F23_Eric.03
F23_Eric.04,18,2,20,0,1.00,14,6,20,0,1.00,F23,F23_F23_Eric.04
F23_Deanna.04,12,8,18,2,0.90,16,4,20,0,1.00,F23,F23_F23_Deanna.04
F23_Deanna.02,3,17,11,9,0.55,19,1,20,0,1.00,F23,F23_F23_Deanna.02
F23_Deanna.03,12,8,18,2,0.90,12,8,12,8,0.60,F23,F23_F23_Deanna.03
F23_Sophia.04,8,12,17,3,0.85,9,11,15,5,0.75,F23,F23_F23_Sophia.04
F23_Sophia.06,7,13,10,10,0.50,12,8,15,5,0.75,F23,F23_F23_Sophia.06
F23_Sophia.05,2,18,13,7,0.65,15,5,18,2,0.90,F23,F23_F23_Sophia.05
F23_Sophia.03,7,13,12,8,0.60,7,13,10,10,0.50,F23,F23_F23_Sophia.03
S24_1.2,9,11,7,13,0.35,1,19,10,10,0.50,S24,S24_S24_1.2
S24_1.4,10,10,16,4,0.80,20,0,20,0,1.00,S24,S24_S24_1.4
S24_1.3,8,12,10,10,0.50,10,10,17,3,0.85,S24,S24_S24_1.3
S24_1.5,12,8,19,1,0.95,15,5,16,4,0.80,S24,S24_S24_1.5
S24_2.1,6,14,11,9,0.55,,,,,,S24,S24_S24_2.1
S24_2.2,10,10,15,5,0.75,4,16,19,1,0.95,S24,S24_S24_2.2
S24_2.3,0,20,14,6,0.70,,,,,,S24,S24_S24_2.3
S24_2.4,6,14,18,2,0.90,13,7,16,4,0.80,S24,S24_S24_2.4
S24_2.5,6,14,7,13,0.35,6,14,12,8,0.60,S24,S24_S24_2.5
S24_1.1,19,1,19,1,0.95,14,6,18,2,0.90,S24,S24_S24_1.1
S24_3.2,1,19,13,7,0.65,10,10,16,4,0.80,S24,S24_S24_3.2
S24_3.4,5,15,7,13,0.35,16,4,15,5,0.75,S24,S24_S24_3.4
S24_3.1,16,4,18,2,0.90,13,7,14,6,0.70,S24,S24_S24_3.1
S24_4.4,9,11,16,4,0.80,19,1,20,0,1.00,S24,S24_S24_4.4
S24_4.1,8,12,14,6,0.70,14,6,8,12,0.40,S24,S24_S24_4.1
S24_4.2,9,11,10,10,0.50,8,12,14,6,0.70,S24,S24_S24_4.2
S24_4.5,12,8,16,4,0.80,18,2,20,0,1.00,S24,S24_S24_4.5
S24_5.3,7,13,16,4,0.80,13,7,19,1,0.95,S24,S24_S24_5.3
S24_5.4,20,0,18,2,0.90,20,0,20,0,1.00,S24,S24_S24_5.4
S24_5.1,13,7,17,3,0.85,17,3,18,2,0.90,S24,S24_S24_5.1
S24_5.5,16,4,17,3,0.85,18,2,19,1,0.95,S24,S24_S24_5.5
S24_5.2,11,9,14,6,0.70,8,7,17,3,0.85,S24,S24_S24_5.2
S24_4.3,15,5,13,7,0.65,11,9,18,2,0.90,S24,S24_S24_4.3
S24_6.1,,,,,,18,2,20,0,1.00,S24,S24_S24_6.1
S24_6.2,0,20,17,3,0.85,3,17,17,3,0.85,S24,S24_S24_6.2
S24_6.3,7,13,18,2,0.90,20,1,20,1,0.95,S24,S24_S24_6.3
S24_6.5,12,8,17,3,0.85,20,0,20,0,1.00,S24,S24_S24_6.5
S24_6.4,11,9,19,1,0.95,10,10,12,8,0.60,S24,S24_S24_6.4
S24_7.4,17,3,15,3,0.83,18,2,18,2,0.90,S24,S24_S24_7.4
S24_7.3,8,12,13,7,0.65,7,13,11,9,0.55,S24,S24_S24_7.3
S24_7.2,10,10,13,7,0.65,16,4,17,3,0.85,S24,S24_S24_7.2
S24_7.5,9,11,15,5,0.75,6,14,8,12,0.40,S24,S24_S24_7.5
S24_8.4,8,12,15,5,0.75,12,8,16,4,0.80,S24,S24_S24_8.4
S24_8.5,3,17,13,7,0.65,5,15,15,5,0.75,S24,S24_S24_8.5
S24_8.3,15,5,19,1,0.95,20,0,20,0,1.00,S24,S24_S24_8.3
S24_8.1,13,7,13,7,0.65,18,2,19,1,0.95,S24,S24_S24_8.1
S24_7.1,12,8,13,7,0.65,8,12,15,5,0.75,S24,S24_S24_7.1
S24_8.2,11,9,13,7,0.65,14,6,11,9,0.55,S24,S24_S24_8.2
S24_9.3,18,2,20,0,1.00,18,2,15,1,0.94,S24,S24_S24_9.3
S24_9.1,5,9,8,9,0.47,,,,,,S24,S24_S24_9.1
S24_9.4,12,8,18,2,0.90,,,,,,S24,S24_S24_9.4
S24_9.2,13,7,15,5,0.75,,,,,,S24,S24_S24_9.2
S24_9.5,4,16,10,10,0.50,17,3,16,4,0.80,S24,S24_S24_9.5
S24_10.3,,,,,,,,,,,S24,S24_S24_10.3
S24_10.4,18,,14,,1.00,9,,13,,1.00,S24,S24_S24_10.4
S24_10.1,11,9,18,2,0.90,13,7,19,1,0.95,S24,S24_S24_10.1
S24_10.2,6,14,16,4,0.80,,,,,0.00,S24,S24_S24_10.2
S24_11.1,10,10,20,0,1.00,20,0,18,2,0.90,S24,S24_S24_11.1
S24_11.4,7,13,7,13,0.35,13,7,20,0,1.00,S24,S24_S24_11.4
S24_11.2,6,14,10,10,0.50,19,1,18,2,0.90,S24,S24_S24_11.2
S24_11.5,1,19,15,5,0.75,9,11,14,6,0.70,S24,S24_S24_11.5
S24_11.3,8,12,14,6,0.70,20,0,20,0,1.00,S24,S24_S24_11.3
S24_12.4,11,9,11,9,0.55,19,1,20,0,1.00,S24,S24_S24_12.4
S24_12.2,17,3,18,2,0.90,5,15,16,4,0.80,S24,S24_S24_12.2
S24_12.1,10,10,11,9,0.55,12,8,14,6,0.70,S24,S24_S24_12.1
S24_10.5,7,13,4,16,0.20,,,,,0.00,S24,S24_S24_10.5
S24_13.2,13,7,17,3,0.85,20,0,20,0,1.00,S24,S24_S24_13.2
S24_13.4,10,10,18,2,0.90,12,8,17,3,0.85,S24,S24_S24_13.4
S24_13.1,0,10,3,6,0.33,20,0,20,0,1.00,S24,S24_S24_13.1
S24_13.5,18,2,17,3,0.85,19,1,19,1,0.95,S24,S24_S24_13.5
S24_13.3,20,0,20,0,1.00,16,4,19,1,0.95,S24,S24_S24_13.3
S24_3.3,14,6,19,1,0.95,7,13,15,5,0.75,S24,S24_S24_3.3
S24_3.5,14,6,16,4,0.80,19,1,19,1,0.95,S24,S24_S24_3.5
S24_12.5,11,9,12,8,0.60,13,7,14,6,0.70,S24,S24_S24_12.5
S24_14.4,9,11,18,2,0.90,16,4,16,4,0.80,S24,S24_S24_14.4
S24_14.3,12,8,19,1,0.95,4,16,18,2,0.90,S24,S24_S24_14.3
S24_14.1,,,,,0.00,5,15,13,7,0.65,S24,S24_S24_14.1
S24_14.2,13,7,18,2,0.90,8,12,13,7,0.65,S24,S24_S24_14.2
S24_15.1,5,15,12,8,0.60,19,1,20,0,1.00,S24,S24_S24_15.1
S24_15.5,12,8,11,9,0.55,15,5,18,2,0.90,S24,S24_S24_15.5
S24_15.3,6,14,10,10,0.50,10,10,20,0,1.00,S24,S24_S24_15.3
S24_15.2,2,18,9,11,0.45,13,7,10,10,0.50,S24,S24_S24_15.2
S24_15.4,2,18,8,12,0.40,1,19,3,17,0.15,S24,S24_S24_15.4
S24_16.3,7,13,17,3,0.85,20,0,18,2,0.90,S24,S24_S24_16.3
S24_16.2,20,0,20,0,1.00,20,0,20,0,1.00,S24,S24_S24_16.2
S24_16.1,8,12,18,2,0.90,19,1,20,0,1.00,S24,S24_S24_16.1
S24_16.4,12,8,18,2,0.90,17,3,18,2,0.90,S24,S24_S24_16.4
S24_16.5,15,5,18,2,0.90,15,5,20,0,1.00,S24,S24_S24_16.5
S24_17.5,10,10,13,7,0.65,12,8,14,6,0.70,S24,S24_S24_17.5
S24_17.3,7,7,8,3,0.73,6,14,17,3,0.85,S24,S24_S24_17.3
S24_17.4,16,4,18,2,0.90,11,9,19,1,0.95,S24,S24_S24_17.4
S24_17.1,2,18,12,8,0.60,16,4,14,6,0.70,S24,S24_S24_17.1
S24_17.2,7,13,15,5,0.75,10,10,19,1,0.95,S24,S24_S24_17.2
S24_18.1,14,6,18,2,0.90,20,0,20,0,1.00,S24,S24_S24_18.1
S24_18.4,12,8,18,2,0.90,11,9,14,6,0.70,S24,S24_S24_18.4
S24_18.3,11,9,12,8,0.60,20,0,20,0,1.00,S24,S24_S24_18.3
S24_18.2,14,6,15,5,0.75,11,9,20,0,1.00,S24,S24_S24_18.2
S24_18.5,7,13,16,4,0.80,15,5,17,3,0.85,S24,S24_S24_18.5
S24_12.3,15,5,14,6,0.70,9,11,17,3,0.85,S24,S24_S24_12.3
S24_19.3,14,6,18,2,0.90,,,,,0.00,S24,S24_S24_19.3
S24_19.5,7,13,15,5,0.75,15,5,18,2,0.90,S24,S24_S24_19.5
S24_19.2,6,14,8,12,0.40,17,3,17,3,0.85,S24,S24_S24_19.2
S24_19.1,16,4,10,10,0.50,7,13,18,2,0.90,S24,S24_S24_19.1
S24_20.4,17,3,18,2,0.90,20,0,19,1,0.95,S24,S24_S24_20.4
S24_19.4,16,4,17,3,0.85,3,17,8,12,0.40,S24,S24_S24_19.4
S24_20.5,16,4,14,6,0.70,19,1,18,2,0.90,S24,S24_S24_20.5
S24_20.1,18,2,18,2,0.90,18,2,18,2,0.90,S24,S24_S24_20.1
S24_21.3,5,15,15,5,0.75,19,1,18,2,0.90,S24,S24_S24_21.3
S24_20.2,14,6,11,9,0.55,12,8,13,7,0.65,S24,S24_S24_20.2
S24_21.2,6,14,9,11,0.45,10,10,17,3,0.85,S24,S24_S24_21.2
S24_21.4,15,5,17,3,0.85,10,10,14,6,0.70,S24,S24_S24_21.4
S24_21.1,13,7,15,3,0.83,12,8,11,9,0.55,S24,S24_S24_21.1
S24_20.3,10,10,17,3,0.85,18,2,19,1,0.95,S24,S24_S24_20.3
S24_21.5,14,6,12,8,0.60,9,11,7,13,0.35,S24,S24_S24_21.5
S24_22.1,4,16,10,10,0.50,4,16,14,6,0.70,S24,S24_S24_22.1
S24_22.5,19,1,17,3,0.85,20,20,20,20,0.50,S24,S24_S24_22.5
S24_22.3,7,13,11,5,0.69,19,1,20,0,1.00,S24,S24_S24_22.3
S24_22.4,16,4,19,1,0.95,5,15,15,5,0.75,S24,S24_S24_22.4
S24_23.2,0,0,0,0,0.00,10,10,14,6,0.70,S24,S24_S24_23.2
S24_23.4,18,2,20,0,1.00,16,4,18,2,0.90,S24,S24_S24_23.4
S24_22.2,2,18,7,13,0.35,10,10,13,7,0.65,S24,S24_S24_22.2
S24_23.1,13,7,15,5,0.75,10,10,20,0,1.00,S24,S24_S24_23.1
S24_23.3,6,14,18,2,0.90,,,,,0.00,S24,S24_S24_23.3
S24_24.2,3,17,12,8,0.60,,,,,0.00,S24,S24_S24_24.2
S24_24.5,10,10,15,15,0.50,8,12,20,0,1.00,S24,S24_S24_24.5
S24_24.3,14,6,12,8,0.60,6,14,18,2,0.90,S24,S24_S24_24.3
S24_24.4,10,10,12,8,0.60,13,7,18,2,0.90,S24,S24_S24_24.4
S24_24.1,20,0,20,0,1.00,20,0,20,0,1.00,S24,S24_S24_24.1
S24_25.2,5,15,6,14,0.30,10,10,7,13,0.35,S24,S24_S24_25.2
S24_25.3,5,15,17,3,0.85,20,0,20,0,1.00,S24,S24_S24_25.3
S24_25.5,11,9,13,7,0.65,16,4,16,4,0.80,S24,S24_S24_25.5
S24_25.4,6,14,12,8,0.60,2,18,14,6,0.70,S24,S24_S24_25.4
S24_25.1,14,6,18,2,0.90,16,4,19,1,0.95,S24,S24_S24_25.1
S24_26.3,15,5,9,11,0.45,17,3,18,2,0.90,S24,S24_S24_26.3
S24_26.2,13,7,12,8,0.60,20,0,19,1,0.95,S24,S24_S24_26.2
S24_26.1,10,10,18,2,0.90,16,4,15,5,0.75,S24,S24_S24_26.1
S24_26.5,11,9,10,10,0.50,16,4,15,5,0.75,S24,S24_S24_26.5
S24_26.4,3,17,9,11,0.45,11,9,18,2,0.90,S24,S24_S24_26.4
S24_27.5,7,13,19,1,0.95,14,6,17,3,0.85,S24,S24_S24_27.5
S24_27.3,2,18,3,17,0.15,7,13,19,1,0.95,S24,S24_S24_27.3
S24_27.4,11,9,13,7,0.65,20,0,19,1,0.95,S24,S24_S24_27.4
S24_27.1,14,6,13,7,0.65,6,14,9,11,0.45,S24,S24_S24_27.1
S24_27.2,17,3,17,3,0.85,17,3,20,0,1.00,S24,S24_S24_27.2
2.02,1,19,5,15,0.25,20,0,20,0,1.00,F24,F24_2.02
1.01,11,9,16,4,0.80,20,0,20,0,1.00,F24,F24_1.01
1.03,9,11,13,7,0.65,4,16,12,8,0.60,F24,F24_1.03
2.04,11,9,17,3,0.85,18,2,19,1,0.95,F24,F24_2.04
1.05,5,15,16,4,0.80,14,6,18,2,0.90,F24,F24_1.05
3.04,4,16,10,10,0.50,4,16,13,7,0.65,F24,F24_3.04
2.03,6,14,13,7,0.65,5,15,12,8,0.60,F24,F24_2.03
1.04,8,12,11,9,0.55,11,9,14,6,0.70,F24,F24_1.04
3.02,10,10,11,9,0.55,11,9,15,5,0.75,F24,F24_3.02
1.02,17,3,16,4,0.80,14,6,19,1,0.95,F24,F24_1.02
2.01,10,10,10,10,0.50,13,7,18,2,0.90,F24,F24_2.01
3.5,11,9,16,4,0.80,12,8,8,12,0.40,F24,F24_3.5
3.01,,,,,,16,4,20,0,1.00,F24,F24_3.01
3.03,16,4,17,3,0.85,8,12,18,2,0.90,F24,F24_3.03
5.01,13,7,16,4,0.80,4,16,13,7,0.65,F24,F24_5.01
5.03,9,11,15,5,0.75,10,10,18,2,0.90,F24,F24_5.03
5.05,10,17,10,3,0.77,5,17,15,3,0.83,F24,F24_5.05
5.04,9,11,5,15,0.25,5,15,4,16,0.20,F24,F24_5.04
5.02,5,15,17,3,0.85,13,7,14,6,0.70,F24,F24_5.02
4.1,7,13,14,6,0.70,14,6,19,1,0.95,F24,F24_4.1
4.5,20,0,20,0,1.00,20,0,20,0,1.00,F24,F24_4.5
4.4,18,2,17,3,0.85,17,3,18,2,0.90,F24,F24_4.4
4.03,13,7,9,11,0.45,3,17,8,12,0.40,F24,F24_4.03
4.02,5,15,17,3,0.85,10,10,12,8,0.60,F24,F24_4.02
6.03,6,14,16,4,0.80,6,14,15,5,0.75,F24,F24_6.03
6.01,8,,14,,1.00,10,,12,,1.00,F24,F24_6.01
6.05,,,,,,4,16,15,5,0.75,F24,F24_6.05
6.04,7,13,18,2,0.90,16,4,19,1,0.95,F24,F24_6.04
6.02,11,9,19,1,0.95,5,15,15,5,0.75,F24,F24_6.02
6.1,8,12,14,6,0.70,10,10,12,8,0.60,F24,F24_6.1
9.03,3,17,19,1,0.95,20,0,20,0,1.00,F24,
8.05,,,,,,7,13,9,11,0.45,F24,
7.05,,,,,,,,,,,F24,
9.04,11,9,19,1,0.95,14,6,15,5,0.75,F24,
7.04,,,,,,14,6,7,13,0.35,F24,
8.01,13,7,14,6,0.70,20,0,20,0,1.00,F24,
9.01,5,15,10,10,0.50,7,13,9,11,0.45,F24,
8.04,8,12,5,15,0.25,13,7,15,5,0.75,F24,
9.02,7,13,14,6,0.70,9,11,16,4,0.80,F24,
8.03,14,6,9,11,0.45,19,1,17,3,0.85,F24,
8.02,7,13,10,10,0.50,13,7,17,3,0.85,F24,
703,9,11,17,3,0.85,12,8,18,2,0.90,F24,
7.02,11,9,20,0,1.00,14,6,13,7,0.65,F24,
9.05,3,17,8,12,0.40,12,8,11,9,0.55,F24,
7.01,14,13,11,2,0.85,9,11,12,8,0.60,F24,
11.02,11,9,18,2,0.90,20,7,7,2,0.78,F24,
10.04,5,15,12,8,0.60,19,1,19,1,0.95,F24,
11.1,2,18,18,2,0.90,9,11,16,4,0.80,F24,
10.03,,,,,,9,11,12,8,0.60,F24,
12.3,14,6,19,1,0.95,6,14,11,9,0.55,F24,
10.01,2,13,6,12,0.33,3,17,9,11,0.45,F24,
12.2,4,16,14,6,0.70,7,13,15,5,0.75,F24,
11.3,8,12,6,14,0.30,13,7,19,1,0.95,F24,
10.2,3,17,18,2,0.90,6,3,10,6,0.63,F24,
11.05,2,18,8,12,0.40,6,14,10,10,0.50,F24,
10.5,9,11,13,7,0.65,12,8,14,6,0.70,F24,
11.4,12,8,16,4,0.80,10,10,15,5,0.75,F24,
12.5,9,,11,,1.00,18,2,17,3,0.85,F24,
12.4,10,10,9,11,0.45,6,14,16,4,0.80,F24,
12.1,15,5,8,12,0.40,13,7,10,10,0.50,F24,
15.2,,,,,,10,10,12,8,0.60,F24,
14.04,17,3,20,0,1.00,17,0,18,2,0.90,F24,
14.02,6,14,13,7,0.65,20,0,20,0,1.00,F24,
14.05,13,7,18,2,0.90,17,3,14,6,0.70,F24,
14.1,7,13,13,7,0.65,17,3,19,1,0.95,F24,
15.3,6,14,15,5,0.75,16,4,17,3,0.85,F24,
13.01,3,17,17,3,0.85,9,11,12,8,0.60,F24,
13.05,14,6,16,4,0.80,15,5,19,1,0.95,F24,
13.04,0,20,20,0,1.00,17,3,19,1,0.95,F24,
15.1,6,14,15,5,0.75,14,6,13,7,0.65,F24,
14.03,8,14,12,6,0.67,15,4,14,6,0.70,F24,
13.02,12,8,13,7,0.65,5,15,15,5,0.75,F24,
13.03,6,14,13,7,0.65,10,10,17,3,0.85,F24,
16.1,9,7,5,4,0.556,8,12,9,11,0.45,F24,
16.4,6,14,10,10,0.5,18,2,17,3,0.85,F24,
16.5,,,,,,14,6,8,12,0.4,F24,
16.3,4,16,10,10,0.5,7,13,13,7,0.65,F24,
16.2,7,13,13,7,0.65,10,10,11,9,0.55,F24,